fold,author,label,multimodal_probability,text_probability,delta_p,abs_delta_p,mean_similarity,median_similarity,sd_similarity,similarity_iqr,min_similarity,max_similarity,high_alignment_ratio,low_alignment_ratio,valid_post_count,text_valid_count,image_valid_count,text_valid_ratio,image_valid_ratio,padding_amount
0,thirty6____,1,0.948601602528052,0.8969008359753045,0.0517007665527475,0.0517007665527475,0.2846046984195709,0.2858961671590805,0.0152248194506136,0.018974006175994873,0.2435178160667419,0.3205204606056213,0.4375,0.0,64.0,64,64,1.0,1.0,0.0
0,forget_me_003,1,0.5261890886378382,0.4415578947327063,0.0846311939051319,0.0846311939051319,0.2476420539774392,0.2499900609254837,0.021950940409656,0.035391148179769516,0.2078553587198257,0.2890233993530273,0.02631578947368421,0.39473684210526316,38.0,38,38,0.59375,0.59375,26.0
0,tracy_y.n,1,0.8432469814781269,0.7918196561019972,0.0514273253761297,0.0514273253761297,0.2462511190678924,0.2386225387454033,0.0368896048419058,0.03330644220113749,0.1672361642122268,0.4350240230560303,0.09375,0.53125,64.0,64,64,1.0,1.0,0.0
0,_feifei_words_,1,0.9643763024971168,0.9501856026261984,0.0141906998709183,0.0141906998709183,0.2766253287936079,0.2800769805908203,0.0220954936731874,0.027603246271610316,0.2145061641931533,0.332670509815216,0.3103448275862069,0.05172413793103448,58.0,64,64,1.0,1.0,0.0
0,depression_no_heart,1,0.9717037224857664,0.9611046247424132,0.0105990977433532,0.0105990977433532,0.2735974348615855,0.2749492526054382,0.0213104946935559,0.029442906379699707,0.2233750820159912,0.3200656771659851,0.25,0.078125,64.0,64,64,1.0,1.0,0.0
0,moodie_raven,1,0.8136532871661183,0.7133459491468144,0.1003073380193039,0.1003073380193039,0.250673904541939,0.2498912662267685,0.0292417971964649,0.04529907554388052,0.1823919415473938,0.3059544563293457,0.1111111111111111,0.3968253968253968,63.0,63,64,0.984375,1.0,0.0
0,tuanzi.io,1,0.9459949858497816,0.9042353752859948,0.0417596105637867,0.0417596105637867,0.2504191140041631,0.2508454769849777,0.0233531514346323,0.033172510564327184,0.1994145810604095,0.2932750284671783,0.029411764705882353,0.3235294117647059,34.0,34,34,0.53125,0.53125,30.0
0,xyyc18.02,1,0.2230021024733084,0.3271005584379576,-0.1040984559646492,0.1040984559646492,0.2404304900765419,0.2384970337152481,0.0332036491598815,0.03815082460641858,0.1569525748491287,0.3100750148296356,0.08,0.52,50.0,50,56,0.78125,0.875,8.0
0,blue_tears_egg,1,0.9613612606728807,0.9103686175922134,0.0509926430806673,0.0509926430806673,0.2831211166922003,0.2889498621225357,0.0283428814368084,0.028432525694370325,0.173294648528099,0.3464401364326477,0.53125,0.109375,64.0,64,64,1.0,1.0,0.0
0,shuyu.minmin2.0,1,0.9709940319929552,0.9518106778783808,0.0191833541145743,0.0191833541145743,0.2846011579968035,0.2869312167167663,0.0146981923808385,0.016421742737293188,0.2161552608013153,0.3104791045188904,0.46875,0.015625,64.0,64,64,1.0,1.0,0.0
0,jiali0624,1,0.3196005188494282,0.3162937413079525,0.0033067775414756,0.0033067775414756,0.2478302344679832,0.2442110776901245,0.0322979320729008,0.05047073587775233,0.1836645752191543,0.3080695867538452,0.13333333333333333,0.43333333333333335,60.0,60,64,0.9375,1.0,0.0
0,ll_elara77,1,0.878745145968819,0.888848734594746,-0.0101035886259269,0.0101035886259269,0.2816771219950169,0.2848112732172012,0.0268157972362045,0.03939814865589142,0.2125183790922165,0.3338114321231842,0.484375,0.09375,64.0,64,64,1.0,1.0,0.0
0,painwords.yan,1,0.7777239664156053,0.4776060742122994,0.3001178922033058,0.3001178922033058,0.2817012062296271,0.2840278297662735,0.011743738916261,0.01254358142614359,0.2447037696838379,0.3027060627937317,0.328125,0.0,64.0,64,64,1.0,1.0,0.0
0,jin4nok6._,1,0.957003450160152,0.923719820451604,0.033283629708548,0.033283629708548,0.2758641520142555,0.2776729464530945,0.0192397508714308,0.014434404671192114,0.2210197001695633,0.3076412677764892,0.22,0.06,50.0,50,50,0.78125,0.78125,14.0
0,starmood_life,1,0.4201906688509631,0.3830978491737335,0.0370928196772296,0.0370928196772296,0.2883237281015941,0.2876089364290237,0.004858586371728,0.008573919534683228,0.2814431488513946,0.2951538562774658,0.5,0.0,14.0,14,64,0.21875,1.0,0.0
0,ethanliu.tw,1,0.248496027230681,0.3560739963140769,-0.1075779690833958,0.1075779690833958,0.2667694992851466,0.2704471498727798,0.0294134215311771,0.047709174454212216,0.1969532221555709,0.3117435276508331,0.296875,0.234375,64.0,64,64,1.0,1.0,0.0
0,sin_ya1010,1,0.9704247594210714,0.9581488526497598,0.0122759067713116,0.0122759067713116,0.2838614981155842,0.2835910469293594,0.0175611889751257,0.016847848892211914,0.240730881690979,0.3570914268493652,0.375,0.0,64.0,64,64,1.0,1.0,0.0
0,sunrise1225,1,0.6038989416136452,0.7508879676697161,-0.1469890260560709,0.1469890260560709,0.2436138328630477,0.2436412572860717,0.0280120558565287,0.04179820418357852,0.191010445356369,0.3106354176998138,0.0625,0.453125,64.0,64,64,1.0,1.0,0.0
0,fish_withu,1,0.799254427597515,0.6761718677419859,0.123082559855529,0.123082559855529,0.2490404744942983,0.2544162273406982,0.0251737587863494,0.04110476374626157,0.2027986943721771,0.3042815327644348,0.047619047619047616,0.3968253968253968,63.0,63,64,0.984375,1.0,0.0
0,xuan_f0116.m0303,1,0.9500747005019304,0.8861050252891073,0.0639696752128231,0.0639696752128231,0.2850018087774515,0.2863698303699493,0.0102426323977441,0.013365000486373901,0.25612673163414,0.3024298846721649,0.375,0.0,64.0,64,64,1.0,1.0,0.0
0,hanburger_itjan,1,0.4056398053403803,0.3492334655896064,0.0564063397507739,0.0564063397507739,0.2962175439233365,0.2943633496761322,0.0171841180179588,0.023318573832511902,0.2611126005649566,0.3361903727054596,0.6956521739130435,0.0,23.0,23,23,0.359375,0.359375,41.0
0,shadoweffect_writing,1,0.9114595376551502,0.8467624745307052,0.064697063124445,0.064697063124445,0.2914190876763314,0.2943875789642334,0.0230385387635422,0.024289578199386597,0.2178748697042465,0.3546053767204284,0.640625,0.046875,64.0,64,64,1.0,1.0,0.0
0,pilikang,1,0.0612388388805221,0.0989518572598413,-0.0377130183793192,0.0377130183793192,0.2493996591917399,0.246118776500225,0.0275290974164376,0.044667597860097885,0.2001790702342987,0.3215214610099792,0.06896551724137931,0.43103448275862066,58.0,58,64,0.90625,1.0,0.0
0,listen_tou,1,0.9483643887276256,0.9319135601933022,0.0164508285343234,0.0164508285343234,0.2842321591451764,0.2849997580051422,0.0130313221446475,0.014120995998382624,0.2596520483493805,0.3267428576946258,0.3125,0.0,64.0,64,64,1.0,1.0,0.0
0,healing.matters_,1,0.469383526268318,0.4248080617934557,0.0445754644748622,0.0445754644748622,0.3174713628832251,0.3200572729110718,0.0403112343248681,0.05573374032974249,0.2052537649869918,0.3920313715934753,0.734375,0.03125,64.0,64,64,1.0,1.0,0.0
0,yearandyear7_,1,0.9233580687080872,0.8075715802030046,0.1157864885050826,0.1157864885050826,0.2650879058055579,0.2729051560163498,0.0264253669117828,0.03224844858050352,0.1802694350481033,0.3036119937896728,0.15625,0.234375,64.0,64,64,1.0,1.0,0.0
0,lazykristy,0,0.04783833957215,0.0969190607732948,-0.0490807212011448,0.0490807212011448,0.2630053260363638,0.2626153826713562,0.0248814173053782,0.02821674197912219,0.2082072049379348,0.3370469212532043,0.171875,0.1875,64.0,64,64,1.0,1.0,0.0
0,mr.w_write_,0,0.0495836858446117,0.0632448717186566,-0.0136611858740448,0.0136611858740448,0.2454670921433717,0.244038350880146,0.0194748446059563,0.028679832816124018,0.2086247056722641,0.2959876358509063,0.015625,0.421875,64.0,64,64,1.0,1.0,0.0
0,liao908,0,0.0599029146386997,0.1290789746599062,-0.0691760600212064,0.0691760600212064,0.2482700506225228,0.2445804625749588,0.0341497723735067,0.043637543916702215,0.1731854379177093,0.3249365091323852,0.15625,0.4375,64.0,64,64,1.0,1.0,0.0
0,eatingouttw,0,0.0351503767542742,0.0480336201936408,-0.0128832434393665,0.0128832434393665,0.2504219180622766,0.245636835694313,0.0335557734695748,0.037483170628547724,0.2020289301872253,0.3472509384155273,0.13953488372093023,0.4418604651162791,43.0,43,43,0.671875,0.671875,21.0
0,ella740302,0,0.041092129337558,0.0541037851454423,-0.0130116558078842,0.0130116558078842,0.2421211847104132,0.2360643520951271,0.0319005178157745,0.042124114930629675,0.1812045276165008,0.3290606141090393,0.078125,0.5625,64.0,64,64,1.0,1.0,0.0
0,914_planet,0,0.190372763860885,0.1538514376850778,0.0365213261758071,0.0365213261758071,0.2277444217067498,0.211616925895214,0.0356178137133164,0.013028468936681803,0.1969193667173385,0.3090787529945373,0.07692307692307693,0.7692307692307693,26.0,26,26,0.40625,0.40625,38.0
0,knowmi_0.0,0,0.90957003699769,0.9241481209272784,-0.0145780839295883,0.0145780839295883,0.2334453678793377,0.2293564826250076,0.0333492480029477,0.03399978578090662,0.1720891594886779,0.3271195888519287,0.09523809523809523,0.6666666666666666,63.0,63,64,0.984375,1.0,0.0
0,lam_word,0,0.908911426246945,0.8154766959896272,0.0934347302573177,0.0934347302573177,0.2706311964429915,0.2710666805505752,0.0099373720929778,0.01354130357503891,0.2329002320766449,0.291394293308258,0.03125,0.015625,64.0,64,64,1.0,1.0,0.0
0,kabi_happy_eat,0,0.0332705054742052,0.0523021185904707,-0.0190316131162655,0.0190316131162655,0.2678929062094539,0.2652492076158523,0.0333163424361166,0.046093150973320035,0.1996455192565918,0.361426830291748,0.28125,0.21875,64.0,64,64,1.0,1.0,0.0
0,birdy_gotowhere,0,0.1359147912836988,0.1468480553068092,-0.0109332640231104,0.0109332640231104,0.2608290326136809,0.2677368968725204,0.0281057300249725,0.0410456545650959,0.1964300274848938,0.3072513937950134,0.19230769230769232,0.2692307692307692,26.0,26,26,0.40625,0.40625,38.0
0,who.loved.by.jesus,0,0.8077420461116196,0.5153789693952825,0.2923630767163371,0.2923630767163371,0.281904013319449,0.2905149012804031,0.0288393896722073,0.027890793979167994,0.1835951656103134,0.3143098950386047,0.5909090909090909,0.045454545454545456,22.0,22,64,0.34375,1.0,0.0
0,gladys.tsai,0,0.0628666715222655,0.1143452968711808,-0.0514786253489153,0.0514786253489153,0.2547301461454481,0.2587458193302154,0.0243880970740826,0.03518418967723849,0.1866634488105774,0.3059963285923004,0.0625,0.3125,64.0,64,64,1.0,1.0,0.0
0,yuehchungsu,0,0.1771258996562111,0.3370570127435545,-0.1599311130873434,0.1599311130873434,0.2678222258885701,0.2669546008110046,0.0421700545737374,0.049356535077095004,0.1629163920879364,0.3622326254844665,0.3333333333333333,0.23076923076923078,39.0,39,64,0.609375,1.0,0.0
0,_lydiawong,0,0.0309001257117858,0.0532571666347895,-0.0223570409230037,0.0223570409230037,0.2755558756180107,0.2730905413627624,0.0384567513883351,0.049616117030382184,0.1924750208854675,0.3570429682731628,0.40625,0.171875,64.0,64,64,1.0,1.0,0.0
0,alichan.o,0,0.5412931948172303,0.4577043611939645,0.0835888336232657,0.0835888336232657,0.2809147238731384,0.2792980074882507,0.0181304574558671,0.018609225749969482,0.2521032094955444,0.3279635906219482,0.2857142857142857,0.0,21.0,21,21,0.328125,0.328125,43.0
0,c_laura_33,0,0.5227844259989362,0.4753359586636117,0.0474484673353244,0.0474484673353244,0.2400800503258194,0.2385668903589248,0.0276845996898063,0.034989070147275925,0.1840607225894928,0.3011099994182586,0.05357142857142857,0.5178571428571429,56.0,56,56,0.875,0.875,8.0
0,taichung.news88,0,0.4020261812865674,0.3509659607545622,0.0510602205320052,0.0510602205320052,0.2972842934541404,0.2962325066328048,0.0195322321695341,0.02236675471067423,0.2506819367408752,0.3445150554180145,0.71875,0.0,64.0,64,64,1.0,1.0,0.0
0,na.to.heart,0,0.8533114233528094,0.7757295375972421,0.0775818857555673,0.0775818857555673,0.2743877798784524,0.2765078097581863,0.0196357182718991,0.03253254294395452,0.2236487865447998,0.3078213930130005,0.328125,0.0625,64.0,64,64,1.0,1.0,0.0
0,photo.dassu_00,0,0.0304290666596468,0.040953511685757,-0.0105244450261101,0.0105244450261101,0.2618467286229133,0.2636532485485077,0.0201238549891323,0.024122007191181183,0.2049392759799957,0.3000668585300445,0.109375,0.140625,64.0,64,64,1.0,1.0,0.0
0,foodie.bongbong,0,0.0280554537414181,0.0374892235372285,-0.0094337697958103,0.0094337697958103,0.2564771585166454,0.2560662776231766,0.0424476359970057,0.0407794378697873,0.1632469147443771,0.3580539226531982,0.1875,0.2916666666666667,48.0,48,49,0.75,0.765625,15.0
0,dorakuo0207,0,0.2599552819056961,0.3808466611327025,-0.1208913792270063,0.1208913792270063,0.2503917463242061,0.2499995529651641,0.0240724941192074,0.03321880102157598,0.1951327174901962,0.2900999188423157,0.031746031746031744,0.3333333333333333,63.0,63,63,0.984375,0.984375,1.0
0,rbin89434,0,0.1194688471998423,0.1489347235027939,-0.0294658763029516,0.0294658763029516,0.2707678037030356,0.2752605080604553,0.0334560935126119,0.037336438894271906,0.1720149219036102,0.3331916928291321,0.30158730158730157,0.19047619047619047,63.0,63,64,0.984375,1.0,0.0
0,iamfinety2.0,0,0.9107314588227756,0.7916053635372965,0.1191260952854791,0.1191260952854791,0.2830741261132061,0.2829651981592178,0.0126335744916639,0.017704613506793976,0.2530758678913116,0.3137165307998657,0.359375,0.0,64.0,64,64,1.0,1.0,0.0
0,dep_tattoos,0,0.658820926033377,0.7478178448308022,-0.0889969187974251,0.0889969187974251,0.2094817226752638,0.2094992101192474,0.0210319487215876,0.0236542038619518,0.1607375741004943,0.2929516136646271,0.015625,0.953125,64.0,64,64,1.0,1.0,0.0
0,am730hk,0,0.1641967711373305,0.2905724398787924,-0.1263756687414619,0.1263756687414619,0.2879199218004942,0.2870193868875503,0.023150087812557,0.027984179556369726,0.2467559874057769,0.3546448349952698,0.46875,0.0,64.0,64,64,1.0,1.0,0.0
0,miem29664,0,0.1446149204345285,0.1580347808888472,-0.0134198604543187,0.0134198604543187,0.2340871237684041,0.2351188957691192,0.0304608116427892,0.0335858538746833,0.1608669459819793,0.3091954588890075,0.0625,0.53125,64.0,64,64,1.0,1.0,0.0
0,hongpeishuo,0,0.0998049224290788,0.1304957588754787,-0.0306908364463999,0.0306908364463999,0.2626885261974837,0.2633207738399505,0.0272157028121942,0.037837028503417997,0.2211112231016159,0.3286947607994079,0.15789473684210525,0.21052631578947367,19.0,19,21,0.296875,0.328125,43.0
0,avjet_film,0,0.0716811816416471,0.1535189158368635,-0.0818377341952164,0.0818377341952164,0.2953103899009644,0.2956534326076507,0.0409420479650844,0.044258251786231995,0.2132756412029266,0.4407515525817871,0.5396825396825397,0.07936507936507936,63.0,63,64,0.984375,1.0,0.0
0,kidbegin,0,0.4798237255420088,0.3945196144998129,0.0853041110421959,0.0853041110421959,0.2763564903289079,0.2797175198793411,0.0203434242582148,0.015490613877773285,0.2076124548912048,0.3222816586494446,0.234375,0.0625,64.0,64,64,1.0,1.0,0.0
0,daidaimeme.pdf,0,0.0483580424829369,0.0756643411547079,-0.0273062986717709,0.0273062986717709,0.2958194359671324,0.2997136265039444,0.0198466250999102,0.01978925615549093,0.2316737920045852,0.330100417137146,0.75,0.03125,64.0,64,64,1.0,1.0,0.0
0,youfat_tw,0,0.0612001161540467,0.0853318484522951,-0.0241317322982484,0.0241317322982484,0.2791060421150177,0.2832269519567489,0.0265025261970806,0.026166118681430817,0.1679239273071289,0.3256860375404358,0.4375,0.03125,64.0,64,64,1.0,1.0,0.0
0,elefanths,0,0.057778970444732,0.0884738931320187,-0.0306949226872867,0.0306949226872867,0.2380025757754102,0.2275778949260711,0.0427511704010729,0.059406556189060294,0.1646092385053634,0.3705513477325439,0.1276595744680851,0.6382978723404256,47.0,47,64,0.734375,1.0,0.0
1,daily70120,1,0.8591360508890736,0.8591532324065981,-1.7181517524500478e-05,1.7181517524500478e-05,0.2567495638504624,0.2725438177585602,0.0383784507343715,0.06337614357471469,0.1623783707618713,0.3133111596107483,0.203125,0.328125,64.0,64,64,1.0,1.0,0.0
1,lou__y,1,0.6281522487794025,0.674463564875198,-0.0463113160957955,0.0463113160957955,0.2743083459790796,0.2768903225660324,0.0288358536876849,0.03310856968164444,0.2027507275342941,0.3457700610160827,0.296875,0.125,64.0,64,64,1.0,1.0,0.0
1,vesper_615,1,0.9296380019850896,0.9267669412936654,0.0028710606914241,0.0028710606914241,0.2809176207520067,0.2806403785943985,0.0132567214570317,0.012244649231433924,0.2200471758842468,0.3092818856239319,0.234375,0.015625,64.0,64,64,1.0,1.0,0.0
1,dailypaintingshare,1,0.9231745997271532,0.9087968158987556,0.0143777838283976,0.0143777838283976,0.2970347046852112,0.294727474451065,0.0209603892138592,0.016182541847229004,0.2497324645519256,0.3779520094394684,0.6666666666666666,0.0,30.0,30,30,0.46875,0.46875,34.0
1,suzannebirds,1,0.1396825872602134,0.1450626046810482,-0.0053800174208347,0.0053800174208347,0.2525819694454019,0.2542189657688141,0.0308471587530456,0.0339619517326355,0.1802865117788314,0.3614741563796997,0.10909090909090909,0.34545454545454546,55.0,55,64,0.859375,1.0,0.0
1,haitaibear,1,0.7064523772356951,0.6676974387171035,0.0387549385185915,0.0387549385185915,0.2757109573576599,0.2799060493707657,0.0262645867238723,0.03321066498756409,0.2057006359100341,0.3178861439228058,0.375,0.125,64.0,64,64,1.0,1.0,0.0
1,lovesky_0166,1,0.8419786537298468,0.8567142372169492,-0.0147355834871023,0.0147355834871023,0.2870318652130663,0.28692826628685,0.0145952742638053,0.012163221836090032,0.2544742524623871,0.3730743527412414,0.421875,0.0,64.0,64,64,1.0,1.0,0.0
1,yondu1994,1,0.6603942277263066,0.6110683161737553,0.0493259115525512,0.0493259115525512,0.2444682034753984,0.2459696754813194,0.0251386317370099,0.025356337428092984,0.1616503894329071,0.3199551701545715,0.03225806451612903,0.45161290322580644,62.0,62,64,0.96875,1.0,0.0
1,talkheart_1999,1,0.2734371015927913,0.2926800748755032,-0.0192429732827119,0.0192429732827119,0.2434198217732565,0.2357658743858337,0.0244707081599904,0.027711361646652166,0.2166820019483566,0.2917479276657104,0.047619047619047616,0.6190476190476191,21.0,21,21,0.328125,0.328125,43.0
1,zhuangcaiyu_,1,0.1469349832548388,0.1876060251483166,-0.0406710418934777,0.0406710418934777,0.247281291311787,0.24422487616539,0.0267833054331036,0.032171949744224604,0.1693578660488128,0.2913084030151367,0.03225806451612903,0.3548387096774194,31.0,31,34,0.484375,0.53125,30.0
1,lazychoisum,1,0.720807605785608,0.7160969870811362,0.0047106187044717,0.0047106187044717,0.2858055753167718,0.285656526684761,0.0199886556914963,0.01897118240594864,0.2296261042356491,0.3389969766139984,0.3125,0.015625,64.0,64,64,1.0,1.0,0.0
1,matcha_growth,1,0.8591522514771114,0.8728849261355727,-0.0137326746584612,0.0137326746584612,0.2817874995525926,0.2825500220060348,0.025787739712532,0.0235012024641037,0.189056321978569,0.345711886882782,0.359375,0.046875,64.0,64,64,1.0,1.0,0.0
1,mu._.studaily,1,0.4224196611697065,0.2034190969661398,0.2190005642035666,0.2190005642035666,0.2547903936060648,0.2570335268974304,0.0250647654510313,0.0333406925201416,0.1902345716953277,0.3047525882720947,0.06349206349206349,0.2857142857142857,63.0,63,64,0.984375,1.0,0.0
1,trojan_li,1,0.1301046993092777,0.2089137309228748,-0.078809031613597,0.078809031613597,0.2286637957606996,0.2268703728914261,0.0302260304520665,0.03863038122653961,0.1712531745433807,0.3278697729110718,0.015873015873015872,0.6825396825396826,63.0,63,64,0.984375,1.0,0.0
1,vita_1021,1,0.3651306061549038,0.3574293138718871,0.0077012922830166,0.0077012922830166,0.2382476921193301,0.2386504709720611,0.0260509648303911,0.028197892010212,0.1792889088392257,0.2988695502281189,0.046875,0.515625,64.0,64,64,1.0,1.0,0.0
1,no_live_www,1,0.5968781140861722,0.5691486728186319,0.0277294412675402,0.0277294412675402,0.2858970323577523,0.286872997879982,0.0120951955081146,0.01687342673540121,0.2534893751144409,0.3093592524528503,0.421875,0.0,64.0,64,64,1.0,1.0,0.0
1,allison220.wonderland,1,0.7815173744923498,0.7754765836501543,0.0060407908421955,0.0060407908421955,0.2479869490489363,0.2515715360641479,0.037215077925141,0.056823346763849286,0.1861496269702911,0.3072236776351928,0.21875,0.4375,32.0,32,32,0.5,0.5,32.0
1,depression_494,1,0.4012430284523118,0.5288434336621156,-0.1276004052098038,0.1276004052098038,0.2859973013401031,0.2838178873062134,0.0128683813522276,0.012729212641716003,0.274357795715332,0.299816220998764,0.3333333333333333,0.0,3.0,3,64,0.046875,1.0,0.0
1,hug_molly.tw,1,0.6774131407218204,0.6739656062702066,0.0034475344516137,0.0034475344516137,0.2698466922297622,0.2752375602722168,0.0291337888823941,0.03602823615074158,0.1999169588088989,0.3224907219409942,0.2727272727272727,0.12121212121212122,33.0,33,33,0.515625,0.515625,31.0
1,fifikuoartist,1,0.8073000789287106,0.7641821837546319,0.0431178951740787,0.0431178951740787,0.2605850810096377,0.2567509710788727,0.0354217629417546,0.04245129227638239,0.2026536464691162,0.3865019679069519,0.12698412698412698,0.2857142857142857,63.0,63,64,0.984375,1.0,0.0
1,yy20000315,1,0.1986366005977136,0.1901471986057723,0.0084894019919412,0.0084894019919412,0.2712890487164259,0.2734556347131729,0.0258207151548041,0.035082362592220306,0.176917165517807,0.3189806938171386,0.28125,0.09375,64.0,64,64,1.0,1.0,0.0
1,annielo0205,1,0.204619393324618,0.2325400889537374,-0.0279206956291193,0.0279206956291193,0.2539306476948753,0.2580989301204681,0.0300723843642721,0.03750535100698471,0.175131693482399,0.3093451261520386,0.15873015873015872,0.30158730158730157,63.0,63,64,0.984375,1.0,0.0
1,poem_nekoya,1,0.9117434445856644,0.899351645230845,0.0123917993548193,0.0123917993548193,0.2827905692318652,0.2838360071182251,0.0150642391879494,0.017219036817550715,0.2309102863073349,0.3129284083843231,0.3829787234042553,0.02127659574468085,47.0,47,47,0.734375,0.734375,17.0
1,bobi_chips,1,0.8962425715852042,0.8970693476420136,-0.0008267760568094,0.0008267760568094,0.2628632551059127,0.2664902359247207,0.0172947390799917,0.020031161606311798,0.2103863805532455,0.2997731864452362,0.03125,0.109375,64.0,64,64,1.0,1.0,0.0
1,medicine_die._,1,0.867846516274332,0.8144092149004635,0.0534373013738684,0.0534373013738684,0.2818347702268511,0.2822913974523544,0.0146510324775071,0.01686516404151911,0.2322580963373184,0.3191844820976257,0.328125,0.015625,64.0,64,64,1.0,1.0,0.0
1,linight.yn,1,0.9156130830194744,0.9233752599083334,-0.0077621768888589,0.0077621768888589,0.2642607248964764,0.2640418708324432,0.0308735157242221,0.039590731263160706,0.2291707098484039,0.3542210459709167,0.19047619047619047,0.19047619047619047,21.0,21,21,0.328125,0.328125,43.0
1,____zy.shihyun,0,0.4185708546736072,0.3811819980812809,0.0373888565923263,0.0373888565923263,0.2439515602881791,0.2435696125030517,0.0280319658449008,0.03710730373859408,0.1704607158899307,0.3000351190567016,0.08196721311475409,0.45901639344262296,61.0,61,61,0.953125,0.953125,3.0
1,vickyweiskin,0,0.4807443196132419,0.5977968425113646,-0.1170525228981226,0.1170525228981226,0.2701279367246325,0.2757879197597503,0.0355052873812311,0.04415643215179449,0.160512238740921,0.328085333108902,0.31746031746031744,0.1746031746031746,63.0,63,64,0.984375,1.0,0.0
1,jie__rou__comic,0,0.3678870093191569,0.2949090959483339,0.0729779133708229,0.0729779133708229,0.2419963509310037,0.2398577481508255,0.0312649763572516,0.040392577648162814,0.1771080195903778,0.320035845041275,0.09375,0.5,64.0,64,64,1.0,1.0,0.0
1,yzu_ebba,0,0.1637100254805924,0.2650614701582471,-0.1013514446776547,0.1013514446776547,0.2529894431700578,0.2530243992805481,0.0236985717426866,0.027225852012634305,0.1939518302679062,0.3131726682186126,0.08108108108108109,0.2702702702702703,37.0,37,46,0.578125,0.71875,18.0
1,a_three_people,0,0.1323092991372745,0.1013153995810299,0.0309938995562445,0.0309938995562445,0.2312884209677577,0.2256297990679741,0.0246088113544696,0.02461755275726321,0.1938931345939636,0.3069010078907013,0.03125,0.765625,64.0,64,64,1.0,1.0,0.0
1,sh_tree_,0,0.2586776252142139,0.1695028551008537,0.0891747701133602,0.0891747701133602,0.2232485125924265,0.2198574841022491,0.0207675427883896,0.026378564536571503,0.1813621073961258,0.2839514911174774,0.0,0.7906976744186046,43.0,43,45,0.671875,0.703125,19.0
1,yukyukyukee,0,0.0931623720034947,0.1116497920232049,-0.0184874200197101,0.0184874200197101,0.2529547770973295,0.2496760413050651,0.0358760534844025,0.04667496681213379,0.1835240125656128,0.3566208481788635,0.1875,0.359375,64.0,64,64,1.0,1.0,0.0
1,yeye_dietitian,0,0.1064646869944084,0.0429612069990029,0.0635034799954055,0.0635034799954055,0.2890198086388409,0.2861585170030594,0.0273856531847225,0.039033867418765966,0.2365664541721344,0.3593361377716064,0.453125,0.03125,64.0,64,64,1.0,1.0,0.0
1,yisin._.1201,0,0.1080397516637286,0.0913661683502822,0.0166735833134464,0.0166735833134464,0.253507776338546,0.2520416676998138,0.0346365167739939,0.045302718877792386,0.191720426082611,0.3408314287662506,0.13114754098360656,0.39344262295081966,61.0,61,64,0.953125,1.0,0.0
1,truelove_goodtv.official,0,0.7561735994550223,0.7027692121857843,0.053404387269238,0.053404387269238,0.2900143493898213,0.2904762327671051,0.0180573288332102,0.017655283212661743,0.2473232895135879,0.348526120185852,0.5625,0.0,64.0,64,64,1.0,1.0,0.0
1,elitesinsider,0,0.8092561941623321,0.8669668372152692,-0.0577106430529371,0.0577106430529371,0.2805764332879334,0.2819496989250183,0.0181467537852254,0.01892095059156418,0.2396138459444046,0.3360371589660644,0.34375,0.015625,64.0,64,64,1.0,1.0,0.0
1,orlando_1218,0,0.0954333845775362,0.1050330165948292,-0.009599632017293,0.009599632017293,0.2389652831923394,0.2311788275837898,0.0315137699006413,0.03794423490762713,0.1770274192094802,0.3296056687831878,0.047619047619047616,0.5476190476190477,42.0,42,44,0.65625,0.6875,20.0
1,voracious.foodie,0,0.1122802670168667,0.1574698386851466,-0.0451895716682799,0.0451895716682799,0.265218413202092,0.2660277932882309,0.0365348433949029,0.04831021651625633,0.1586476564407348,0.3525920808315277,0.28125,0.25,64.0,64,64,1.0,1.0,0.0
1,cosplaykelly25,0,0.1734978171297628,0.1720273377510938,0.001470479378669,0.001470479378669,0.2423356506845046,0.2406444028019905,0.0259212445430047,0.03477425500750539,0.178265169262886,0.3079135417938232,0.017241379310344827,0.4827586206896552,58.0,58,61,0.90625,0.953125,3.0
1,ashton.p1010,0,0.1009159321030586,0.0862762326220299,0.0146396994810287,0.0146396994810287,0.2425404367347558,0.2425878420472145,0.0254711760192703,0.029349349439144107,0.1811732351779937,0.3109727501869201,0.05,0.48333333333333334,60.0,60,60,0.9375,0.9375,4.0
1,frog_egghead,0,0.0952831001471766,0.0523546490946451,0.0429284510525315,0.0429284510525315,0.2530768257565796,0.2524375319480896,0.0200935712116688,0.02678760141134262,0.2071525752544403,0.2920222878456116,0.03125,0.234375,64.0,64,64,1.0,1.0,0.0
1,imika_sumi_garden,0,0.4666727529530796,0.3480332188779853,0.1186395340750943,0.1186395340750943,0.248003285129865,0.2484258115291595,0.0233863930666286,0.03680922091007238,0.1893673837184906,0.2951658368110657,0.044444444444444446,0.37777777777777777,45.0,45,45,0.703125,0.703125,19.0
1,freedom122021,0,0.0751316762828264,0.0571472203591621,0.0179844559236642,0.0179844559236642,0.270390237448737,0.2758603990077972,0.0345330162365868,0.04569892585277563,0.1821625530719757,0.3434121608734131,0.34375,0.203125,64.0,64,64,1.0,1.0,0.0
1,feichi1124,0,0.145354082828659,0.1988254008141829,-0.0534713179855239,0.0534713179855239,0.2558196126483381,0.2558193206787109,0.032882365685143,0.037056900560855865,0.1662695407867431,0.3148149847984314,0.171875,0.25,64.0,64,64,1.0,1.0,0.0
1,food_share_anywhere,0,0.1377032849613879,0.0701384261330302,0.0675648588283577,0.0675648588283577,0.2831280089449137,0.2895617038011551,0.032811193962881,0.0358665212988854,0.1821632981300354,0.3741613626480102,0.53125,0.078125,64.0,64,64,1.0,1.0,0.0
1,py.170,0,0.1157966964666258,0.1519472131072156,-0.0361505166405898,0.0361505166405898,0.2760225778061246,0.2832663357257843,0.0391745408703082,0.06627696752548223,0.1831535696983337,0.3376541435718536,0.4603174603174603,0.2222222222222222,63.0,63,64,0.984375,1.0,0.0
1,bussinfooddiary,0,0.1103579267687519,0.0898178911886299,0.020540035580122,0.020540035580122,0.2582811554893851,0.2550124824047088,0.0401603446265823,0.05636686831712731,0.1782498061656952,0.3622522950172424,0.234375,0.359375,64.0,64,64,1.0,1.0,0.0
1,sosobing678,0,0.0936277935531393,0.1595822161109243,-0.065954422557785,0.065954422557785,0.2736831461079418,0.2732027769088745,0.017184348140236,0.020536020398139898,0.2216063886880874,0.3182098269462585,0.171875,0.015625,64.0,64,64,1.0,1.0,0.0
1,the_bard_mo,0,0.3150520192409518,0.2221294447777548,0.0929225744631969,0.0929225744631969,0.2773860415013937,0.2831648588180542,0.0242840464589973,0.01757548749446869,0.1949628293514251,0.3250675499439239,0.36538461538461536,0.07692307692307693,52.0,52,64,0.8125,1.0,0.0
1,foodie_tuna0415,0,0.1044903064436132,0.1382361662932348,-0.0337458598496215,0.0337458598496215,0.2659251694717714,0.273951768875122,0.0310297788173897,0.04541163146495819,0.2087869644165039,0.3307677507400512,0.22580645161290322,0.25806451612903225,31.0,31,31,0.484375,0.484375,33.0
1,keke_foodietw,0,0.0873885399702857,0.0629299235847953,0.0244586163854904,0.0244586163854904,0.2791619424242526,0.2784582674503326,0.0394681490951916,0.03973384201526642,0.1802957952022552,0.4020439684391022,0.4375,0.109375,64.0,64,64,1.0,1.0,0.0
1,social.dict,0,0.1967846342744405,0.1402920173825139,0.0564926168919266,0.0564926168919266,0.2714485866017639,0.2730430364608764,0.0209983958137212,0.018267869949340876,0.1887629032135009,0.3117580711841583,0.171875,0.0625,64.0,64,64,1.0,1.0,0.0
1,daniel.hoi23s,0,0.1418594584252705,0.1609472108857656,-0.0190877524604951,0.0190877524604951,0.2705310282763093,0.2726920247077942,0.0336211327593612,0.047825969755649594,0.1916483044624328,0.3390795588493347,0.296875,0.234375,64.0,64,64,1.0,1.0,0.0
1,bgk628,0,0.1306510242663461,0.1103283897008687,0.0203226345654773,0.0203226345654773,0.2411873920354992,0.2436344027519226,0.0346416601716939,0.04434612765908241,0.163559541106224,0.3290785253047943,0.09375,0.484375,64.0,64,64,1.0,1.0,0.0
1,jenny_7258,0,0.1465992340210817,0.253578069550551,-0.1069788355294693,0.1069788355294693,0.2504021918231791,0.2496117502450943,0.0217548887422679,0.022962413728237124,0.2070396244525909,0.3195860087871551,0.045454545454545456,0.36363636363636365,44.0,44,44,0.6875,0.6875,20.0
1,hao_emo520,0,0.3225074374637849,0.6045935391834685,-0.2820861017196835,0.2820861017196835,0.2564855627715587,0.2570985853672027,0.0156387497203856,0.020224310457706396,0.2031142115592956,0.2860543429851532,0.0,0.109375,64.0,64,64,1.0,1.0,0.0
1,leslie.gourmet,0,0.218824818752243,0.1074884490238054,0.1113363697284375,0.1113363697284375,0.2539523104205727,0.2527086734771728,0.0370301796056475,0.04481559619307521,0.1884016841650009,0.3761983513832092,0.1875,0.328125,64.0,64,64,1.0,1.0,0.0
2,ac_ccat,1,0.8416941557631492,0.7807900028193886,0.0609041529437606,0.0609041529437606,0.232922803144902,0.2355938255786895,0.0416414543150485,0.05540152639150617,0.1257591992616653,0.3119754195213318,0.109375,0.609375,64.0,64,64,1.0,1.0,0.0
2,eileen.ginsui,1,0.8120898233009108,0.7932018223970005,0.0188880009039102,0.0188880009039102,0.2699663676321506,0.283146932721138,0.038302292623705,0.03995755314826965,0.1572425812482834,0.3278405964374542,0.375,0.203125,64.0,64,64,1.0,1.0,0.0
2,turtle.and.me,1,0.780774067268286,0.7791686545908418,0.0016054126774441,0.0016054126774441,0.2587226019240916,0.2628956139087677,0.0325835076350179,0.0347899124026298,0.1847332864999771,0.4018592536449432,0.078125,0.25,64.0,64,64,1.0,1.0,0.0
2,hopelessness_77_1118,1,0.9258146565185796,0.8958103304764472,0.0300043260421324,0.0300043260421324,0.2637824537232518,0.2693168371915817,0.0340030164031663,0.0591502226889134,0.1794671267271042,0.3243193924427032,0.3125,0.3125,64.0,64,64,1.0,1.0,0.0
2,huanhuan_drawing,1,0.8934992679214693,0.8973842355112056,-0.0038849675897363,0.0038849675897363,0.2719422383555051,0.2774350047111511,0.0249930917987038,0.028012841939926092,0.2097523808479309,0.3144459128379822,0.2413793103448276,0.06896551724137931,29.0,29,29,0.453125,0.453125,35.0
2,blue.sea.life,1,0.9433671811124472,0.927304427745308,0.0160627533671392,0.0160627533671392,0.2974537443369627,0.296316921710968,0.0134069518340729,0.013280518352985438,0.2698839902877807,0.3668214678764343,0.75,0.0,64.0,64,64,1.0,1.0,0.0
2,ineichashitsu,1,0.8898350622640695,0.8303112278403718,0.0595238344236976,0.0595238344236976,0.2238974494393915,0.2224071770906448,0.0212951956526249,0.02403652667999262,0.1792240738868713,0.2686785757541656,0.0,0.78125,64.0,64,64,1.0,1.0,0.0
2,weak_forest,1,0.7301131685742234,0.7077365959619195,0.0223765726123038,0.0223765726123038,0.2719974727369845,0.2791132777929306,0.0287574390453996,0.0380010306835174,0.2013485878705978,0.3220950663089752,0.328125,0.15625,64.0,64,64,1.0,1.0,0.0
2,yi_depression,1,0.7885910490110865,0.7497756145533415,0.0388154344577449,0.0388154344577449,0.2472829719384511,0.2482004016637802,0.0249062699113444,0.03882408887147898,0.19168022274971,0.2979889214038849,0.06349206349206349,0.36507936507936506,63.0,63,64,0.984375,1.0,0.0
2,towel0620,1,0.931249537907206,0.9072000596509068,0.0240494782562992,0.0240494782562992,0.2820221770089119,0.2855837941169739,0.0152091895385687,0.01901359111070633,0.2314378768205642,0.3075515627861023,0.40625,0.015625,64.0,64,64,1.0,1.0,0.0
2,w.wy__,1,0.7479263912541091,0.7270858312979858,0.0208405599561233,0.0208405599561233,0.2287760097533464,0.2266087383031845,0.0223838752941755,0.03417696431279191,0.1846376657485962,0.2867032289505005,0.0,0.6875,64.0,64,64,1.0,1.0,0.0
2,chenzhenbabe,1,0.3848436980342949,0.4779525186037173,-0.0931088205694223,0.0931088205694223,0.2655950870830565,0.2630645185708999,0.0300308856980174,0.03792271763086319,0.1851979941129684,0.3338426351547241,0.265625,0.15625,64.0,64,64,1.0,1.0,0.0
2,sp1cy_jar,1,0.2092617555863749,0.2407887606723598,-0.0315270050859849,0.0315270050859849,0.2745847499463707,0.2765890210866928,0.0274549702739211,0.03471393138170242,0.1908168792724609,0.3263053297996521,0.34375,0.109375,64.0,64,64,1.0,1.0,0.0
2,help_.me54,1,0.3270476897460626,0.2023475872840915,0.124700102461971,0.124700102461971,0.235300691118316,0.2283152937889099,0.0215249517307988,0.003119051456451416,0.2226115018129348,0.3119395673274994,0.09523809523809523,0.8888888888888888,63.0,63,64,0.984375,1.0,0.0
2,wmewm211118,1,0.8044846604908096,0.8732459174446733,-0.0687612569538637,0.0687612569538637,0.2596033990848809,0.2589061260223388,0.0347625599828213,0.047229353338479996,0.2030351907014846,0.3477634191513061,0.140625,0.375,64.0,64,64,1.0,1.0,0.0
2,theforlorn_1025,1,0.9447750937886314,0.932400386199952,0.0123747075886794,0.0123747075886794,0.2714998030760249,0.2721298336982727,0.0147657614704732,0.014295816421508789,0.228392407298088,0.3095270991325378,0.13114754098360656,0.01639344262295082,61.0,61,64,0.953125,1.0,0.0
2,crazy_lunch_hsiao,1,0.8783686512235153,0.8019144672593522,0.076454183964163,0.076454183964163,0.2760423123836517,0.2768434435129165,0.0245779958360874,0.02131114900112152,0.2107025533914566,0.3134537041187286,0.25,0.09375,64.0,64,64,1.0,1.0,0.0
2,163______________,1,0.906097613575813,0.8634759218805279,0.042621691695285,0.042621691695285,0.2795835493598133,0.2775794416666031,0.01781095021398,0.02259533852338791,0.230458527803421,0.3192895054817199,0.34375,0.015625,64.0,64,64,1.0,1.0,0.0
2,fallstar_0022,1,0.9372098794368704,0.8975886093670439,0.0396212700698265,0.0396212700698265,0.2391550769098103,0.2365107834339141,0.0193687259283395,0.018812071532011004,0.1923670321702957,0.2925446331501007,0.046875,0.5625,64.0,64,64,1.0,1.0,0.0
2,worst_out,1,0.8596735585053535,0.788836865214979,0.0708366932903745,0.0708366932903745,0.2702511442968479,0.2687709629535675,0.0323421433107497,0.034189008176326696,0.2037745714187622,0.386645495891571,0.21153846153846154,0.15384615384615385,52.0,52,53,0.8125,0.828125,11.0
2,lingluo_hope,1,0.938754334996251,0.9238201191247116,0.0149342158715394,0.0149342158715394,0.2697284343838692,0.2683662623167038,0.0184776521908527,0.024243630468845312,0.2151037603616714,0.3102325797080993,0.14,0.02,50.0,50,50,0.78125,0.78125,14.0
2,york040147,1,0.5231247909525896,0.470366275693472,0.0527585152591175,0.0527585152591175,0.2648427834113439,0.2668054848909378,0.0273856531847225,0.03321880102157598,0.1969532221555709,0.3231460452079773,0.203125,0.21739130434782608,64.0,0,64,0.0,1.0,0.0
2,ketsusose,1,0.3032744689300554,0.3621818533572979,-0.0589073844272425,0.0589073844272425,0.2694676722898039,0.2707589864730835,0.020069509750216,0.027257338166236822,0.2139961719512939,0.305355966091156,0.18604651162790697,0.06976744186046512,43.0,43,43,0.671875,0.671875,21.0
2,writingwriter.h,1,0.9161646581913898,0.8916815821619439,0.0244830760294458,0.0244830760294458,0.2801433226559311,0.2835531234741211,0.0161793110193965,0.017183572053909302,0.2313202172517776,0.3232753276824951,0.3125,0.015625,64.0,64,64,1.0,1.0,0.0
2,shuyu.minmin,1,0.933188789038805,0.9062299757346128,0.0269588133041921,0.0269588133041921,0.2843507325742394,0.2869312167167663,0.0154084337394214,0.016421742737293188,0.2161552608013153,0.3104791045188904,0.46875,0.03125,64.0,64,64,1.0,1.0,0.0
2,poem_chao,1,0.793611905795912,0.5977429850988994,0.1958689206970125,0.1958689206970125,0.271607772286596,0.2786425054073334,0.0281301512765518,0.027307584881782532,0.1877523511648178,0.3115559816360473,0.25862068965517243,0.10344827586206896,58.0,58,64,0.90625,1.0,0.0
2,ooodovobooo,0,0.1205621099625059,0.0947658371079519,0.0257962728545539,0.0257962728545539,0.2261514186859131,0.2281490713357925,0.0374496816773042,0.057007797062397,0.1636498719453811,0.3164540529251098,0.06666666666666667,0.7,30.0,30,30,0.46875,0.46875,34.0
2,yvonne51srra,0,0.1210794853007614,0.205224369325076,-0.0841448840243146,0.0841448840243146,0.255597069626674,0.2551802545785904,0.0330465741821746,0.046029590070247706,0.1872696429491043,0.3312697112560272,0.15625,0.34375,64.0,64,64,1.0,1.0,0.0
2,yutingchouart,0,0.2787596376514369,0.2490549073852271,0.0297047302662098,0.0297047302662098,0.2587046343833208,0.2535147368907928,0.0357533172547159,0.04007751494646078,0.188708558678627,0.4222742915153503,0.1875,0.3125,64.0,64,64,1.0,1.0,0.0
2,xiangling_0802,0,0.108120124025199,0.1303138706887174,-0.0221937466635183,0.0221937466635183,0.2586362729780376,0.2608996331691742,0.0287068697809255,0.04172269254922861,0.1978058815002441,0.3221711218357086,0.140625,0.3125,64.0,64,64,1.0,1.0,0.0
2,yushanchiu,0,0.0851788609996551,0.1091522958826144,-0.0239734348829592,0.0239734348829592,0.2318914288189262,0.2286822721362114,0.0297765715702269,0.032766532152891104,0.166133314371109,0.3010116815567016,0.0625,0.6875,64.0,64,64,1.0,1.0,0.0
2,a900243b,0,0.1364877972878248,0.1281692161861015,0.0083185811017233,0.0083185811017233,0.2905235465150326,0.2890849113464355,0.0265519421385185,0.038643658161163386,0.2301932871341705,0.3526593744754791,0.5,0.03125,64.0,64,64,1.0,1.0,0.0
2,sheiiy25918,0,0.1184680844413716,0.1338047761329198,-0.0153366916915482,0.0153366916915482,0.248663381304381,0.2513822913169861,0.0301442201000709,0.0329986363649368,0.1829610615968704,0.3159533143043518,0.09433962264150944,0.32075471698113206,53.0,53,53,0.828125,0.828125,11.0
2,mr_bigbigsmart,0,0.1450358028556884,0.0789471028065186,0.0660887000491698,0.0660887000491698,0.2941761147230863,0.2947166562080383,0.0133101723748636,0.016867585480213165,0.2602794766426086,0.3160721063613891,0.6875,0.0,64.0,64,64,1.0,1.0,0.0
2,pei.words,0,0.1418922006165956,0.2628722348330042,-0.1209800342164086,0.1209800342164086,0.2854914925992489,0.2890115827322006,0.0222037506984516,0.02984394133090973,0.2040786743164062,0.3223954737186432,0.525,0.025,40.0,40,40,0.625,0.625,24.0
2,agoodday88,0,0.2507059013775959,0.1718626316963112,0.0788432696812847,0.0788432696812847,0.2743352947290987,0.2745412439107895,0.0178954209233905,0.02464324980974192,0.2269774377346038,0.3142798840999603,0.203125,0.03125,64.0,64,64,1.0,1.0,0.0
2,jiminin185,0,0.1841496804727434,0.2563184197418796,-0.0721687392691361,0.0721687392691361,0.2436131723225116,0.2433737516403198,0.025803229507013,0.03164407610893258,0.1766823530197143,0.3018908202648163,0.046875,0.4375,64.0,64,64,1.0,1.0,0.0
2,psylee01,0,0.4365833257370131,0.2708063315818323,0.1657769941551807,0.1657769941551807,0.2622057373745967,0.2641717195510864,0.0353211815463244,0.039404906332492884,0.191109299659729,0.3626430928707123,0.15254237288135594,0.2542372881355932,59.0,59,64,0.921875,1.0,0.0
2,a728391,0,0.4124555661770722,0.3851759538969876,0.0272796122800845,0.0272796122800845,0.2436210880445879,0.24687559902668,0.0188156105267754,0.021698676049709403,0.199371263384819,0.2753325700759887,0.0,0.37209302325581395,43.0,43,43,0.671875,0.671875,21.0
2,chuchuchen0522,0,0.0731245551875728,0.050499501173835,0.0226250540137378,0.0226250540137378,0.2522528762929141,0.2516207098960876,0.032257715351677,0.04872745275497442,0.1862444877624511,0.3631024062633514,0.109375,0.359375,64.0,64,64,1.0,1.0,0.0
2,taiwanfoodeat,0,0.0737810945965551,0.0587366036048723,0.0150444909916827,0.0150444909916827,0.2714245815295726,0.272773340344429,0.0295588132243436,0.03830529004335409,0.2048079073429107,0.3348355889320373,0.28125,0.15625,64.0,64,64,1.0,1.0,0.0
2,owendean___,0,0.5855364529621347,0.4972247356574023,0.0883117173047324,0.0883117173047324,0.2797228915151208,0.2786734104156494,0.012431508978448,0.01509150117635727,0.2465706020593643,0.3051396310329437,0.234375,0.0,64.0,64,64,1.0,1.0,0.0
2,pet713713,0,0.0863160114973361,0.1045041390324991,-0.0181881275351629,0.0181881275351629,0.2522217698860913,0.2484854087233543,0.0357621670765181,0.05055085569620141,0.1828451007604599,0.3276496827602386,0.203125,0.34375,64.0,64,64,1.0,1.0,0.0
2,qqshanny,0,0.1660790133792482,0.2446262759758228,-0.0785472625965745,0.0785472625965745,0.2397686727344989,0.2379759848117828,0.0275154375384867,0.03248495236039159,0.1707878857851028,0.2972694635391235,0.046875,0.546875,64.0,64,64,1.0,1.0,0.0
2,esther_ann9453,0,0.6076990785836246,0.5980230235949726,0.0096760549886519,0.0096760549886519,0.2682675166349662,0.2712352275848388,0.0223101325385453,0.03170937299728391,0.21751169860363,0.3288398385047912,0.15789473684210525,0.13157894736842105,38.0,38,38,0.59375,0.59375,26.0
2,anncheng.tw,0,0.1124273551571993,0.1360722019789982,-0.0236448468217988,0.0236448468217988,0.2485036109648053,0.2482094168663025,0.0398495831729764,0.05027000606060031,0.1503146290779113,0.3414950370788574,0.12698412698412698,0.4126984126984127,63.0,63,64,0.984375,1.0,0.0
2,yihsuan7895,0,0.4274722198411013,0.3983766904614193,0.0290955293796819,0.0290955293796819,0.2679573430214077,0.2782754004001617,0.0337666810204199,0.05073079094290742,0.17873115837574,0.3209354281425476,0.3125,0.234375,64.0,64,64,1.0,1.0,0.0
2,hi_lo_memes,0,0.1639468968125946,0.1365377663360931,0.0274091304765015,0.0274091304765015,0.2930309791117906,0.2933985590934753,0.0208564223168257,0.025313571095466614,0.2214971482753753,0.3427327275276184,0.671875,0.03125,64.0,64,64,1.0,1.0,0.0
2,sundaymingpao,0,0.5667534524980681,0.5488949135506064,0.0178585389474617,0.0178585389474617,0.2849824517033994,0.2832822799682617,0.0335129482549648,0.0432491153478623,0.2199241667985916,0.3906251788139343,0.390625,0.078125,64.0,64,64,1.0,1.0,0.0
2,tea0922,0,0.1276505942849992,0.1823897538902287,-0.0547391596052295,0.0547391596052295,0.2747453323058915,0.279612123966217,0.0292633622611701,0.037215143442153875,0.2063984274864196,0.3521612584590912,0.3508771929824561,0.14035087719298245,57.0,57,64,0.890625,1.0,0.0
2,timton_footew,0,0.1362131164505838,0.2736500298915476,-0.1374369134409638,0.1374369134409638,0.2648427834113439,0.2661746740341186,0.0410653868312122,0.05815810710191727,0.19605053961277,0.3469603359699249,0.2962962962962963,0.2962962962962963,27.0,27,28,0.421875,0.4375,36.0
2,ryy.1988,0,0.1133923047369285,0.1838985382309512,-0.0705062334940227,0.0705062334940227,0.2566427352527777,0.2558317929506302,0.0331322492750326,0.04598553478717812,0.2031546831130981,0.3327879607677459,0.16666666666666666,0.2916666666666667,24.0,24,25,0.375,0.390625,39.0
2,yellow_lu4novia,0,0.1868684951893957,0.216855176665554,-0.0299866814761583,0.0299866814761583,0.2453755652531981,0.2501376271247864,0.0354889518917019,0.054117873311042786,0.162762776017189,0.3096310496330261,0.09375,0.4375,64.0,64,64,1.0,1.0,0.0
2,sam945wang,0,0.1304341590553323,0.098494362569558,0.0319397964857742,0.0319397964857742,0.2702819044175355,0.2692572474479675,0.0356493026476534,0.0427599772810936,0.2052473425865173,0.3490607142448425,0.21739130434782608,0.21739130434782608,23.0,23,64,0.359375,1.0,0.0
2,oioi_writing,0,0.2845620005662211,0.3054476197310088,-0.0208856191647877,0.0208856191647877,0.2562447455914124,0.269477516412735,0.0441063613346898,0.0530969500541687,0.1617224812507629,0.3201839625835418,0.30434782608695654,0.30434782608695654,23.0,23,23,0.359375,0.359375,41.0
2,skyfoodie.mo,0,0.1008162299092587,0.1224041728478067,-0.021587942938548,0.021587942938548,0.2589214209999357,0.2619276195764541,0.0247133384824477,0.03422879055142411,0.2117209583520889,0.2960786819458008,0.14285714285714285,0.25,28.0,28,30,0.4375,0.46875,34.0
2,janniedudu,0,0.1341895207519592,0.1903970185166248,-0.0562074977646656,0.0562074977646656,0.2328193975346429,0.2284422367811203,0.0297361565951524,0.033487915992736816,0.1749853193759918,0.3072669804096222,0.061224489795918366,0.6530612244897959,49.0,49,49,0.765625,0.765625,15.0
2,egghead__studio,0,0.125477473548109,0.1169924344436733,0.0084850391044357,0.0084850391044357,0.2859086114913225,0.2878426760435104,0.028192917037193,0.03163253515958786,0.2096279263496399,0.3619996011257171,0.484375,0.078125,64.0,64,64,1.0,1.0,0.0
3,si_je_meurs,1,0.063907145610111,0.0412172493090652,0.0226898963010458,0.0226898963010458,0.2266179825794899,0.2237979918718338,0.0153536353115989,0.010638140141963986,0.1980204433202743,0.2782231867313385,0.0,0.8983050847457628,59.0,59,64,0.921875,1.0,0.0
3,depression_meem,1,0.0806283564147476,0.1042258355491941,-0.0235974791344465,0.0235974791344465,0.2910937301392825,0.297252207994461,0.0287788615283602,0.03518262505531311,0.2153489142656326,0.3420595526695251,0.6226415094339622,0.05660377358490566,53.0,53,53,0.828125,0.828125,11.0
3,monster.words_,1,0.9355292494470636,0.8968441185729373,0.0386851308741262,0.0386851308741262,0.2545529229100793,0.2571233361959457,0.016164708832523,0.023247528821230018,0.2023647129535675,0.2878116965293884,0.0,0.203125,64.0,64,64,1.0,1.0,0.0
3,whoisme_mdd,1,0.926433277395202,0.9184685148730278,0.0079647625221741,0.0079647625221741,0.2823369022458791,0.2825779020786285,0.0132002588643619,0.018017485737800598,0.2462167590856552,0.3108140528202057,0.325,0.0,40.0,40,40,0.625,0.625,24.0
3,new_life_lulu,1,0.459624089278899,0.5666215154999046,-0.1069974262210056,0.1069974262210056,0.2655316587797431,0.2649796903133392,0.0273298642808328,0.030846074223518316,0.2081047594547271,0.3239713907241821,0.20930232558139536,0.18604651162790697,43.0,43,45,0.671875,0.703125,19.0
3,m_m12150605,1,0.0915018417839109,0.1005794668296586,-0.0090776250457477,0.0090776250457477,0.2237054710276425,0.2220970168709755,0.026569404784065,0.036946866661310196,0.174981489777565,0.3039923310279846,0.015625,0.765625,64.0,64,64,1.0,1.0,0.0
3,doublesleep._.5544,1,0.859993355434263,0.8818110454877569,-0.0218176900534938,0.0218176900534938,0.2877788924508624,0.2888815999031067,0.0197591795336627,0.015343695878982488,0.2170596122741699,0.3184004426002502,0.5396825396825397,0.047619047619047616,63.0,63,63,0.984375,0.984375,1.0
3,depressy.trouble,1,0.7958652521330072,0.8209361212864493,-0.0250708691534421,0.0250708691534421,0.2758094877935946,0.2784693241119385,0.0281058154978967,0.0282890722155571,0.1950620412826538,0.3326200842857361,0.34375,0.125,64.0,64,64,1.0,1.0,0.0
3,write.a.sentence,1,0.835049503767221,0.8023702617166113,0.0326792420506096,0.0326792420506096,0.289381341310218,0.2917088866233825,0.0253598658862912,0.029644526541233007,0.2110474705696106,0.3577198386192322,0.546875,0.015625,64.0,64,64,1.0,1.0,0.0
3,_midleave_,1,0.9255677696735448,0.9060927854489148,0.01947498422463,0.01947498422463,0.2874314449727535,0.2891063988208771,0.0157566615567277,0.016851350665092413,0.2228250503540039,0.3231460452079773,0.53125,0.015625,64.0,64,64,1.0,1.0,0.0
3,_t_depression,1,0.9349288844545564,0.9374695836798848,-0.0025406992253284,0.0025406992253284,0.2851086249575019,0.289377823472023,0.0259528564937367,0.028232492506504114,0.1948192566633224,0.3252071142196655,0.59375,0.09375,64.0,64,64,1.0,1.0,0.0
3,lalababy0313,1,0.9120033415454624,0.940076029245156,-0.0280726876996936,0.0280726876996936,0.2785614390494459,0.27964848279953,0.0187875379192576,0.023095101118087824,0.2257489114999771,0.3307883143424988,0.2711864406779661,0.01694915254237288,59.0,59,59,0.921875,0.921875,5.0
3,nata_reading,1,0.9063118959205756,0.7730072183712142,0.1333046775493613,0.1333046775493613,0.256164836930111,0.2605743706226349,0.0281279791209429,0.03589954599738124,0.193742424249649,0.3096619844436645,0.140625,0.265625,64.0,64,64,1.0,1.0,0.0
3,anyachen0624,1,0.779929559493576,0.6884092556978922,0.0915203037956837,0.0915203037956837,0.2719166013598442,0.2745005190372467,0.0310002615880842,0.03091984987258911,0.1901683211326599,0.3595641255378723,0.24,0.14,50.0,50,64,0.78125,1.0,0.0
3,michellehojuyun,1,0.2797546739105644,0.3521950641026261,-0.0724403901920616,0.0724403901920616,0.2647501130898793,0.2638467848300934,0.0336092380136321,0.05396587401628489,0.2013038098812103,0.334523469209671,0.25396825396825395,0.30158730158730157,63.0,63,64,0.984375,1.0,0.0
3,will_be._.fine,1,0.3555110414063983,0.1369336072418912,0.2185774341645071,0.2185774341645071,0.2767579157371074,0.2838280349969864,0.0321250846443745,0.043824970722198486,0.2163913398981094,0.393378734588623,0.453125,0.1875,64.0,64,64,1.0,1.0,0.0
3,yi_wen_even,1,0.1954169378262196,0.3602270986362796,-0.16481016081006,0.16481016081006,0.2528650350868702,0.2548526525497436,0.0330063792913858,0.048259574919938986,0.1989599913358688,0.3250094652175903,0.171875,0.40625,64.0,64,64,1.0,1.0,0.0
3,saya_wolf0309,1,0.1290136979734483,0.0939977932910955,0.0350159046823528,0.0350159046823528,0.2280749706551432,0.2218946292996406,0.0434495687143837,0.054707769304513904,0.1588467061519622,0.3840847611427307,0.09375,0.6875,64.0,64,64,1.0,1.0,0.0
3,blue_girl_daily,1,0.9537472396123958,0.9589342987665752,-0.0051870591541793,0.0051870591541793,0.2863520481623709,0.286132276058197,0.0108104601310432,0.01608055830001831,0.2612133622169494,0.3081872463226318,0.46875,0.0,64.0,64,64,1.0,1.0,0.0
3,skye_c_1005,1,0.7889721594645378,0.7798608846341845,0.0091112748303533,0.0091112748303533,0.2422829483811919,0.2445780932903289,0.0297447507510668,0.042424127459526007,0.1867603957653045,0.2900888621807098,0.05405405405405406,0.43243243243243246,37.0,37,64,0.578125,1.0,0.0
3,cancerfighter211,1,0.8460304115906703,0.7016062851061614,0.1444241264845088,0.1444241264845088,0.2558464616064041,0.2570220828056335,0.032549913327025,0.0428698882460595,0.193581610918045,0.3144915699958801,0.1746031746031746,0.3492063492063492,63.0,63,64,0.984375,1.0,0.0
3,zoezoeliao,1,0.1834907436154494,0.3231967214034176,-0.1397059777879682,0.1397059777879682,0.2165472314227372,0.2157256081700325,0.0172861138707419,0.024486035108566284,0.1829841434955597,0.2501214444637298,0.0,0.875,64.0,64,64,1.0,1.0,0.0
3,drift_bottle.f,1,0.9772329472718808,0.9778559006450984,-0.0006229533732176,0.0006229533732176,0.2851126968860626,0.2832934856414795,0.0092912984270531,0.0145165696740151,0.2675927281379699,0.3014612197875976,0.3333333333333333,0.0,30.0,30,33,0.46875,0.515625,31.0
3,mindfullyhk,1,0.2222819686407794,0.4414966618175855,-0.2192146931768061,0.2192146931768061,0.3172698090634038,0.3060149550437927,0.0630484448448241,0.08501768857240671,0.1919085383415222,0.4488911926746368,0.6451612903225806,0.11290322580645161,62.0,62,64,0.96875,1.0,0.0
3,adela.writing,1,0.96643218876486,0.9431046357625252,0.0233275530023348,0.0233275530023348,0.266520150238648,0.2691470682621002,0.0217332400735945,0.03211605921387678,0.2129788845777511,0.3143043518066406,0.140625,0.140625,64.0,64,64,1.0,1.0,0.0
3,despair.2.0,1,0.9509287996796076,0.9739748978082023,-0.0230460981285947,0.0230460981285947,0.24789823545143,0.2590742111206054,0.0466694422009962,0.08655048534274101,0.1517897993326187,0.3140597343444824,0.28125,0.4375,64.0,64,64,1.0,1.0,0.0
3,nichingsiew,0,0.0635180346220907,0.1364126619346843,-0.0728946273125936,0.0728946273125936,0.2949851817554897,0.2893583476543426,0.0564770725129408,0.06933848559856409,0.158973142504692,0.4181315898895263,0.5396825396825397,0.15873015873015872,63.0,63,64,0.984375,1.0,0.0
3,zhi.ting_0920,0,0.1163270068220154,0.1365335220221454,-0.0202065152001299,0.0202065152001299,0.2419573402120953,0.243404671549797,0.0297270730052488,0.033230923116207206,0.165247157216072,0.3172328174114227,0.07936507936507936,0.4603174603174603,63.0,63,64,0.984375,1.0,0.0
3,food.nius,0,0.0306141987137997,0.0198100968008689,0.0108041019129307,0.0108041019129307,0.2516922089271247,0.2482724711298942,0.0363088904017634,0.04791704937815672,0.1783971935510635,0.3313260376453399,0.15625,0.390625,64.0,64,64,1.0,1.0,0.0
3,the_trip_addict,0,0.0316531982662219,0.0302522646801775,0.0014009335860444,0.0014009335860444,0.3255557673983276,0.3127492666244507,0.0514575094063969,0.06209014356136322,0.240804523229599,0.4979473054409027,0.796875,0.0,64.0,64,64,1.0,1.0,0.0
3,keke.lifediary,0,0.0715047246715152,0.0133360731703701,0.0581686515011451,0.0581686515011451,0.2588021750561893,0.2634315341711044,0.0358171273398445,0.03802758827805519,0.1720171570777893,0.3540143370628357,0.1875,0.25,64.0,64,64,1.0,1.0,0.0
3,childsheng,0,0.0912972127192057,0.0326807753058628,0.0586164374133428,0.0586164374133428,0.2328104279004037,0.2327588498592376,0.0234227005841088,0.0322086364030838,0.1850516945123672,0.2864879071712494,0.0,0.59375,64.0,64,64,1.0,1.0,0.0
3,taichung.life88,0,0.0521203557451369,0.0383542155473196,0.0137661401978172,0.0137661401978172,0.2784927205648273,0.2816237956285476,0.0259805548219306,0.0303502157330513,0.2146838158369064,0.3631141781806946,0.359375,0.09375,64.0,64,64,1.0,1.0,0.0
3,emo.girl.1314,0,0.1476420218490911,0.2822933198897862,-0.1346512980406951,0.1346512980406951,0.3012825527694076,0.3078920394182205,0.0277744563353044,0.024326078593730927,0.2092812061309814,0.3671845197677612,0.78125,0.0625,64.0,64,64,1.0,1.0,0.0
3,superbearloveeat,0,0.1269129691519596,0.0597587029598671,0.0671542661920925,0.0671542661920925,0.296648780349642,0.2993507236242294,0.016753997511498,0.021901570260524805,0.2549882531166076,0.3302386999130249,0.71875,0.0,64.0,64,64,1.0,1.0,0.0
3,is.education,0,0.0417173714559867,0.0381396751674948,0.0035776962884919,0.0035776962884919,0.2722288435325026,0.2668054848909378,0.0439165673526741,0.039354961365461294,0.1714456379413604,0.4244192242622375,0.265625,0.171875,64.0,64,64,1.0,1.0,0.0
3,156.melody,0,0.0359639249197469,0.0424417465809518,-0.0064778216612049,0.0064778216612049,0.2709909691475332,0.2690588533878326,0.0257915745686011,0.03446144610643387,0.2118427902460098,0.3446902334690094,0.25,0.078125,64.0,64,64,1.0,1.0,0.0
3,ryouliao,0,0.2132997109573982,0.0376031044666909,0.1756966064907072,0.1756966064907072,0.2598665084224194,0.2637061029672622,0.0360409764741719,0.04865494742989543,0.1240140050649643,0.3385812938213348,0.234375,0.328125,64.0,64,64,1.0,1.0,0.0
3,zang_photo,0,0.1340674655905352,0.1881273138120359,-0.0540598482215007,0.0540598482215007,0.2278213004271189,0.225889004766941,0.0237765317225044,0.027401335537433597,0.1777979433536529,0.2665665447711944,0.0,0.7222222222222222,18.0,18,24,0.28125,0.375,40.0
3,qian_qian_jia_jia,0,0.046383816046062,0.0358169296064577,0.0105668864396043,0.0105668864396043,0.2650587714742869,0.2668217867612839,0.033606001213042,0.042628020048141535,0.1817165315151214,0.3502043485641479,0.25,0.21875,64.0,64,64,1.0,1.0,0.0
3,katyholajeng,0,0.0368863260366472,0.0455211246268364,-0.0086347985901891,0.0086347985901891,0.2745112362317741,0.281250312924385,0.0320475018091923,0.04591596499085426,0.1909586191177368,0.3429270088672638,0.40625,0.171875,64.0,64,64,1.0,1.0,0.0
3,zongyi0929,0,0.0578185191312036,0.0774196644852089,-0.0196011453540052,0.0196011453540052,0.2242923669639181,0.2245490252971649,0.0325991533593641,0.0479117333889007,0.1262195706367492,0.293601393699646,0.03278688524590164,0.6885245901639344,61.0,61,61,0.953125,0.953125,3.0
3,luver_on_crescent,0,0.0998836487731241,0.0374803548072418,0.0624032939658822,0.0624032939658822,0.2597056669183075,0.2622835338115692,0.0198482934738835,0.025543559342622785,0.2081151306629181,0.3086066246032715,0.046875,0.203125,64.0,64,64,1.0,1.0,0.0
3,ismollyflowers,0,0.0649948192787764,0.0440843016156608,0.0209105176631156,0.0209105176631156,0.2706801884341985,0.2746810615062713,0.0291111727366058,0.039467513561248835,0.2133501321077346,0.3376556038856506,0.265625,0.21875,64.0,64,64,1.0,1.0,0.0
3,thow_jouster,0,0.1942789348572407,0.2939282525860153,-0.0996493177287745,0.0996493177287745,0.2898408696055412,0.2914828956127167,0.0169095999130885,0.020625948905944824,0.2243537902832031,0.325656533241272,0.59375,0.015625,64.0,64,64,1.0,1.0,0.0
3,chrislin_0208,0,0.1952076052713559,0.3808535129314687,-0.1856459076601128,0.1856459076601128,0.2436256217770278,0.2455123588442802,0.0286187172304622,0.0372036918997764,0.1887567639350891,0.3247030973434448,0.0625,0.421875,64.0,64,64,1.0,1.0,0.0
3,9.willis.1,0,0.0654895296969698,0.0827437452950916,-0.0172542155981217,0.0172542155981217,0.243279178859666,0.243421159684658,0.0255248225564738,0.03403769806027407,0.1807132065296173,0.3018347918987274,0.015625,0.4375,64.0,64,64,1.0,1.0,0.0
3,udntourtheworld_,0,0.0519004730381532,0.0376681630159198,0.0142323100222334,0.0142323100222334,0.2763598973397165,0.2770237326622009,0.0375350819543809,0.0441692471504212,0.1828937530517578,0.3615604937076568,0.328125,0.15625,64.0,64,64,1.0,1.0,0.0
3,huhuzo1225,0,0.1591754584747331,0.4518400707047204,-0.2926646122299873,0.2926646122299873,0.2822522176429629,0.2852940857410431,0.0377730152398928,0.05252495408058161,0.2116339057683944,0.3698228895664215,0.4375,0.125,64.0,64,64,1.0,1.0,0.0
3,thepetpope,0,0.3514487036157898,0.1920829780921713,0.1593657255236184,0.1593657255236184,0.2581141164992004,0.2524080127477646,0.0377137119893859,0.03753058984875679,0.1999597549438476,0.4067824482917785,0.125,0.328125,64.0,64,64,1.0,1.0,0.0
3,setsuyaku_0,0,0.2052170779554196,0.2017966507642992,0.0034204271911204,0.0034204271911204,0.2851756513118744,0.2828179746866226,0.0177468971733078,0.020522087812423706,0.252840906381607,0.3450375497341156,0.40625,0.0,64.0,64,64,1.0,1.0,0.0
3,yysu7515,0,0.0797398916404434,0.1222579693600124,-0.042518077719569,0.042518077719569,0.2813047047238797,0.2824003249406814,0.0216847875687627,0.02601806074380869,0.2330830097198486,0.3425140976905823,0.359375,0.03125,64.0,64,64,1.0,1.0,0.0
3,ninaa0821,0,0.0383241087057172,0.038705712766385,-0.0003816040606677,0.0003816040606677,0.2662563773374709,0.2692821323871612,0.0279506704155419,0.04064389318227768,0.1779393553733825,0.3198364973068237,0.20634920634920634,0.1746031746031746,63.0,63,63,0.984375,0.984375,1.0
3,ohniyc,0,0.1063896823593878,0.1741520258124107,-0.0677623434530229,0.0677623434530229,0.2436001873575151,0.2425767257809639,0.0230702089773343,0.024352561682462692,0.1861791908740997,0.3202182054519653,0.046875,0.484375,64.0,64,64,1.0,1.0,0.0
3,auroratravelergo,0,0.0376286953143917,0.0570156622491261,-0.0193869669347344,0.0193869669347344,0.2543513115782004,0.2505651488900184,0.0331375603442899,0.04662575572729111,0.1963582932949066,0.3125057816505432,0.23076923076923078,0.38461538461538464,26.0,26,26,0.40625,0.40625,38.0
3,yuko_30s,0,0.1736712546852215,0.1833915869195071,-0.0097203322342856,0.0097203322342856,0.2634027937892824,0.2639465630054474,0.0288040751567652,0.040284730494022314,0.1925347298383712,0.3258094191551208,0.21875,0.234375,64.0,64,64,1.0,1.0,0.0
3,powxd01,0,0.1764281054649028,0.3348700081173745,-0.1584419026524716,0.1584419026524716,0.2788875897725423,0.2794659733772278,0.00938540153356,0.009372025728225708,0.2692263722419739,0.2879704236984253,0.0,0.0,3.0,3,64,0.046875,1.0,0.0
3,edachen_yun,0,0.1671183749777461,0.1760482430317524,-0.0089298680540063,0.0089298680540063,0.265960071073926,0.2622662931680679,0.0256907427357235,0.031489722430706024,0.2023296356201172,0.3256765902042389,0.17391304347826086,0.13043478260869565,46.0,46,46,0.71875,0.71875,18.0
3,ed.stories,0,0.9382485638466918,0.8949945912986934,0.0432539725479983,0.0432539725479983,0.2606092533096671,0.2627435028553009,0.0162181474311773,0.020656555891036987,0.2061319649219513,0.2918647825717926,0.046875,0.140625,64.0,64,64,1.0,1.0,0.0
3,choboo_theshiba,0,0.0757584241033892,0.1270467584326347,-0.0512883343292454,0.0512883343292454,0.2854902227719625,0.2874947786331177,0.0233104082488772,0.03320939093828201,0.2314457297325134,0.3376770615577698,0.4666666666666667,0.03333333333333333,30.0,30,30,0.46875,0.46875,34.0
4,althealan_and_painting,1,0.3931981070487518,0.27937770783573,0.1138203992130217,0.1138203992130217,0.2313687773421406,0.226774200797081,0.0217811469884213,0.029563643038272802,0.1878025233745575,0.2866370677947998,0.0,0.6875,64.0,64,64,1.0,1.0,0.0
4,alicechang2023,1,0.683694039201401,0.6438706252280622,0.0398234139733388,0.0398234139733388,0.2489028331987998,0.2452438399195671,0.0349928576818422,0.0319844596087932,0.1887073516845703,0.3186652064323425,0.20588235294117646,0.4411764705882353,34.0,34,34,0.53125,0.53125,30.0
4,some_word0830,1,0.7278727122854636,0.7787851956781968,-0.0509124833927332,0.0509124833927332,0.2740124279664734,0.2750485837459564,0.0168820614838729,0.02043908834457403,0.2086885720491409,0.3103033900260925,0.1864406779661017,0.03389830508474576,59.0,59,64,0.921875,1.0,0.0
4,junchen_writing_,1,0.8978185007624208,0.9151034027263,-0.0172849019638792,0.0172849019638792,0.2938189247140177,0.293661281466484,0.0127371903247691,0.011705085635185186,0.2579286396503448,0.3213047385215759,0.7592592592592593,0.0,54.0,54,54,0.84375,0.84375,10.0
4,md_notes,1,0.9405788683696517,0.9768374578303974,-0.0362585894607457,0.0362585894607457,0.2566273994743824,0.2629191130399704,0.0316472454343252,0.05531416833400729,0.1701990962028503,0.3012557327747345,0.21875,0.3125,64.0,64,64,1.0,1.0,0.0
4,nana_0305nn,1,0.4329691733340028,0.3870385013201803,0.0459306720138225,0.0459306720138225,0.2421361740678548,0.2378783747553825,0.0253261918162677,0.03260600939393049,0.1977095156908035,0.2886208593845367,0.025,0.575,40.0,40,64,0.625,1.0,0.0
4,fenkychen0827,1,0.1316937181451784,0.093195793541958,0.0384979246032204,0.0384979246032204,0.2314779059961438,0.2291419059038162,0.0270449331907528,0.0356521718204022,0.1597055941820144,0.3006249964237213,0.015625,0.609375,64.0,64,64,1.0,1.0,0.0
4,cy6433,1,0.6009261592816869,0.6204906143058793,-0.0195644550241923,0.0195644550241923,0.2436404025980404,0.2401303350925445,0.0321537017427342,0.035886567085981314,0.143092468380928,0.3126683831214905,0.10714285714285714,0.5178571428571429,56.0,56,64,0.875,1.0,0.0
4,opheliecc,1,0.5765303473430782,0.7320603532532667,-0.1555300059101885,0.1555300059101885,0.2864221300809614,0.2913762331008911,0.0294452142937748,0.035158686339855194,0.2179039716720581,0.3634139895439148,0.5645161290322581,0.08064516129032258,62.0,62,64,0.96875,1.0,0.0
4,c.chienc,1,0.1376486414609869,0.0832313404742535,0.0544173009867334,0.0544173009867334,0.2759314989671111,0.2841541916131973,0.0395619240604849,0.05260199308395386,0.1815757602453231,0.3358100056648254,0.46875,0.21875,64.0,64,64,1.0,1.0,0.0
4,k.c._reading_art,1,0.8508217028675261,0.8213344225424121,0.029487280325114,0.029487280325114,0.2873972924426198,0.2851433455944061,0.0236014264272278,0.024626910686492864,0.2353999018669128,0.3936325907707214,0.46875,0.03125,64.0,64,64,1.0,1.0,0.0
4,singwizdep,1,0.7575422691737816,0.6881466487752763,0.0693956203985053,0.0693956203985053,0.2665095401462167,0.2694486528635025,0.0229819959342548,0.029821477830410004,0.2107651829719543,0.3062978982925415,0.15625,0.125,64.0,64,64,1.0,1.0,0.0
4,sad._.h24,1,0.6049311358766061,0.503039110277605,0.1018920255990011,0.1018920255990011,0.2888208430792604,0.290150448679924,0.0177282442573605,0.018634594976902008,0.2245699763298034,0.3286033868789673,0.6071428571428571,0.03571428571428571,56.0,56,56,0.875,0.875,8.0
4,drownedep,1,0.9257468681480048,0.9635173734969764,-0.0377705053489716,0.0377705053489716,0.2712927758693695,0.282255157828331,0.0302368287108087,0.051239393651485415,0.2197717130184173,0.3318769335746765,0.38235294117647056,0.23529411764705882,34.0,34,35,0.53125,0.546875,29.0
4,mao.ni_,1,0.3713015216455591,0.4743643605783613,-0.1030628389328022,0.1030628389328022,0.2324983124670229,0.2318859100341797,0.023624753389793,0.016505092382431003,0.1984689980745315,0.2976496815681457,0.05263157894736842,0.8421052631578947,19.0,19,20,0.296875,0.3125,44.0
4,surreal.writing,1,0.8764686685154109,0.93895682813084,-0.062488159615429,0.062488159615429,0.2683622416469358,0.2730080187320709,0.0242292040630369,0.02559525519609457,0.2005033642053604,0.3210677206516266,0.1935483870967742,0.11290322580645161,62.0,62,64,0.96875,1.0,0.0
4,poem.shiny_,1,0.9530153567765984,0.974674568288134,-0.0216592115115356,0.0216592115115356,0.2585123053286224,0.2582827061414718,0.0179893967532792,0.02746165916323659,0.2305580973625183,0.2967934012413025,0.0625,0.1875,64.0,64,64,1.0,1.0,0.0
4,yuwen0099,1,0.090975414039449,0.0779353439065833,0.0130400701328657,0.0130400701328657,0.2470520802307874,0.2466839849948883,0.019398559442951,0.024829298257827703,0.2032870501279831,0.2891063094139099,0.015625,0.375,64.0,64,64,1.0,1.0,0.0
4,dreamqueen_poem,1,0.9416850917660788,0.9743561914324126,-0.0326710996663337,0.0326710996663337,0.2825005629565567,0.284123420715332,0.0202009710933961,0.02419747412204748,0.2086634337902069,0.3432450890541076,0.375,0.015625,64.0,64,64,1.0,1.0,0.0
4,i_can_do_it_9502,1,0.9548661345317832,0.9821380745758094,-0.0272719400440262,0.0272719400440262,0.224329168209806,0.2256713360548019,0.0223955521289118,0.030458208173513385,0.1696721911430359,0.2604762315750122,0.0,0.734375,64.0,64,64,1.0,1.0,0.0
4,lightriver_hikari,1,0.9113468575712256,0.9235203414818516,-0.012173483910626,0.012173483910626,0.2937843079368273,0.2930462658405304,0.0156266465209685,0.012393712997436468,0.250589370727539,0.3517392873764038,0.7291666666666666,0.0,48.0,48,48,0.75,0.75,16.0
4,shan_min33,1,0.6655538366111193,0.9093455993930268,-0.2437917627819075,0.2437917627819075,0.2428701404068205,0.2453857064247131,0.0229295065011166,0.02711628004908559,0.1815690696239471,0.2817966043949127,0.0,0.3888888888888889,36.0,36,42,0.5625,0.65625,22.0
4,cat0912kimo,1,0.5813716934455918,0.6669358270227886,-0.0855641335771968,0.0855641335771968,0.2448761783919092,0.2357447892427444,0.0454410246211283,0.03751286864280701,0.1474414765834808,0.4055550694465637,0.13559322033898305,0.5932203389830508,59.0,59,64,0.921875,1.0,0.0
4,lostmyjobat30yo,1,0.8326380182607357,0.8587637157111041,-0.0261256974503684,0.0261256974503684,0.2188464492559433,0.2235907018184662,0.0313880222288711,0.04181592166423789,0.1556434482336044,0.2757825851440429,0.0,0.72,25.0,25,25,0.390625,0.390625,39.0
4,_kana.words_,1,0.9398168006690092,0.962565187144062,-0.0227483864750528,0.0227483864750528,0.2670344964135438,0.2693646103143692,0.0189951790630768,0.0289059579372406,0.2272186875343322,0.302617073059082,0.140625,0.09375,64.0,64,64,1.0,1.0,0.0
4,neko_wumiao,1,0.625375185034991,0.6674955425395287,-0.0421203575045376,0.0421203575045376,0.2803497239947319,0.2803664803504944,0.0293387285042246,0.02574479579925537,0.1980836540460586,0.3625050187110901,0.34375,0.078125,64.0,64,64,1.0,1.0,0.0
4,ahniucindyliu,0,0.1301751832394989,0.0446683952063106,0.0855067880331882,0.0855067880331882,0.2558810024056583,0.2532011270523071,0.0181513752946983,0.017791338264942197,0.2191182523965835,0.3430998027324676,0.015625,0.140625,64.0,64,64,1.0,1.0,0.0
4,thepotatocouple.ch,0,0.1072224788787746,0.0788108590195792,0.0284116198591954,0.0284116198591954,0.2533327583223581,0.258100613951683,0.0338337486745381,0.047626130282878903,0.1597345024347305,0.3120605945587158,0.15625,0.359375,64.0,64,64,1.0,1.0,0.0
4,bobo__waterman,0,0.0830667213551845,0.0458280076842282,0.0372387136709563,0.0372387136709563,0.2469474656973034,0.244916133582592,0.0274866008825102,0.032397869974374716,0.2016633749008178,0.3449965119361877,0.09375,0.40625,64.0,64,64,1.0,1.0,0.0
4,bambooxun,0,0.1421205406593134,0.0221951172587868,0.1199254234005266,0.1199254234005266,0.2682720408774912,0.2781668603420257,0.0290512539500264,0.033527024090290125,0.1956145763397216,0.3426083922386169,0.21875,0.203125,64.0,64,64,1.0,1.0,0.0
4,kimi_hello,0,0.6926880809922434,0.7680569610888394,-0.0753688800965959,0.0753688800965959,0.2608691179193556,0.2620688378810882,0.0301036501809076,0.033179119229316684,0.1829021424055099,0.3293420672416687,0.171875,0.21875,64.0,64,64,1.0,1.0,0.0
4,bk.liao,0,0.0598501839130937,0.0154309114545607,0.044419272458533,0.044419272458533,0.2417456728871911,0.243197813630104,0.0258194055490216,0.029042884707450922,0.1720473617315292,0.2949201762676239,0.015625,0.453125,64.0,64,64,1.0,1.0,0.0
4,p7_mochi,0,0.2335636483519256,0.1631620909750735,0.0704015573768521,0.0704015573768521,0.249140879433406,0.254466101527214,0.0370486193397613,0.0512758232653141,0.1684517562389373,0.3185259699821472,0.18421052631578946,0.3684210526315789,38.0,38,39,0.59375,0.609375,25.0
4,fpcchannel.tomi,0,0.5636942762641101,0.6573044856279048,-0.0936102093637947,0.0936102093637947,0.2870490667410195,0.2893770337104797,0.0195052955234565,0.0237448588013649,0.2127636075019836,0.3300130069255829,0.546875,0.015625,64.0,64,64,1.0,1.0,0.0
4,so_hungryyyun,0,0.0718385956270157,0.0280934266473052,0.0437451689797104,0.0437451689797104,0.2814485165290534,0.2789681553840637,0.0295188910250971,0.03696471452713007,0.2144845724105835,0.3698234558105469,0.421875,0.078125,64.0,64,64,1.0,1.0,0.0
4,morgan_stanley168,0,0.2161015672839536,0.3263842666169829,-0.1102826993330292,0.1102826993330292,0.2640750892460346,0.2725898027420044,0.0338671032092724,0.034565191715955706,0.1572547256946563,0.3067547678947449,0.25,0.15,20.0,20,20,0.3125,0.3125,44.0
4,eatwithdumbo,0,0.0530189406734046,0.0330318062798507,0.0199871343935539,0.0199871343935539,0.2625476229190826,0.2668241858482361,0.044844718575972,0.055584654211998014,0.1802983731031417,0.3555487692356109,0.24,0.28,25.0,25,25,0.390625,0.390625,39.0
4,barbielee1004,0,0.0602155315689901,0.0373972451706743,0.0228182863983158,0.0228182863983158,0.2646894596982747,0.2638229429721832,0.0324448184060675,0.03679567947983742,0.1617071628570556,0.3548270463943481,0.234375,0.203125,64.0,64,64,1.0,1.0,0.0
4,baby27008,0,0.2419668895262891,0.1698445945230496,0.0721222950032395,0.0721222950032395,0.2627186784520745,0.2575688660144806,0.0269301513757617,0.03813184797763819,0.1993023604154586,0.3506662249565124,0.1875,0.171875,64.0,64,64,1.0,1.0,0.0
4,foodie_nana_,0,0.0492637262270509,0.0206762895254493,0.0285874367016016,0.0285874367016016,0.295573542593047,0.2955581992864609,0.0281839188539783,0.030350185930728912,0.2140687555074691,0.3509213030338287,0.59375,0.0625,64.0,64,64,1.0,1.0,0.0
4,nick.tsai2143,0,0.1213163070332041,0.0885528540930247,0.0327634529401794,0.0327634529401794,0.2646498998197225,0.2620554715394974,0.0306021335099327,0.03603190183639529,0.2127760946750641,0.3465151488780975,0.1346153846153846,0.23076923076923078,52.0,52,64,0.8125,1.0,0.0
4,lueg0810,0,0.1085376297230831,0.1194663140732833,-0.0109286843502001,0.0109286843502001,0.2507619451658398,0.251281589269638,0.0341254709405613,0.033701546490192386,0.1834026873111724,0.3710435032844543,0.0784313725490196,0.37254901960784315,51.0,51,51,0.796875,0.796875,13.0
4,30.yuna,0,0.2436260937294729,0.2059346314204103,0.0376914623090625,0.0376914623090625,0.2531867257785052,0.2539269179105758,0.0312513887027322,0.03626038134098053,0.1768117249011993,0.3545010983943939,0.125,0.328125,64.0,64,64,1.0,1.0,0.0
4,dingtaxi_jp,0,0.0814264952476015,0.033645273716958,0.0477812215306434,0.0477812215306434,0.2600542881315754,0.2663561552762985,0.0392380093645931,0.0509478934109211,0.1688111871480941,0.3303689360618591,0.20967741935483872,0.25806451612903225,62.0,62,64,0.96875,1.0,0.0
4,rb_world,0,0.3365994574787034,0.3338342793266319,0.0027651781520715,0.0027651781520715,0.2448407474491331,0.2467378973960876,0.0279829877802064,0.02590397000312808,0.178508847951889,0.3395875096321106,0.044444444444444446,0.35555555555555557,45.0,45,46,0.703125,0.71875,18.0
4,snow1111726,0,0.0831172006662383,0.0549210029065004,0.0281961977597379,0.0281961977597379,0.2620432158000767,0.2567705661058426,0.0308887891104398,0.03675998374819758,0.1914474070072174,0.38217693567276,0.140625,0.1875,64.0,64,64,1.0,1.0,0.0
4,juzi1082,0,0.3158605131148908,0.2708992198063226,0.0449612933085681,0.0449612933085681,0.2834741201317101,0.286120593547821,0.0155219389687634,0.01845893263816839,0.2237083911895752,0.304419457912445,0.47368421052631576,0.017543859649122806,57.0,57,57,0.890625,0.890625,7.0
4,milk821125,0,0.0673568141290817,0.0419703279480475,0.0253864861810342,0.0253864861810342,0.2561879590863273,0.2575559020042419,0.0351135436450125,0.040104404091834994,0.1714948117733001,0.3412986695766449,0.14285714285714285,0.31746031746031744,63.0,63,64,0.984375,1.0,0.0
4,truthdict,0,0.1589555011731281,0.085055358814765,0.073900142358363,0.073900142358363,0.284056746866554,0.2863224893808365,0.010098980111455,0.01093214750289917,0.251542866230011,0.3077080249786377,0.34375,0.0,64.0,64,64,1.0,1.0,0.0
4,miayui_9170,0,0.1325474466296367,0.0642309768735929,0.0683164697560437,0.0683164697560437,0.2454108066599944,0.251167893409729,0.0248414346933822,0.03305774927139277,0.1861103475093841,0.2987944185733795,0.034482758620689655,0.3103448275862069,29.0,29,38,0.453125,0.59375,26.0
4,___miao.___,0,0.0912121759200946,0.0366455294873249,0.0545666464327697,0.0545666464327697,0.2554162594024092,0.2622837871313095,0.0358885119617621,0.045556358993053464,0.1658076643943786,0.3039129674434662,0.171875,0.28125,64.0,64,64,1.0,1.0,0.0
4,ksitigarbha_dizangwang,0,0.7187582126011004,0.6530564627921109,0.0657017498089894,0.0657017498089894,0.2401092457585036,0.2373213171958923,0.0242824440142775,0.028373863548040418,0.1648698449134826,0.3056461811065674,0.046875,0.515625,64.0,64,64,1.0,1.0,0.0
4,orli.zz,0,0.0696490543797954,0.0183156106662818,0.0513334437135136,0.0513334437135136,0.2952211976997436,0.3018230199813843,0.0358518212079771,0.058611810207367,0.2174763977527618,0.3560397922992706,0.5714285714285714,0.06349206349206349,63.0,63,64,0.984375,1.0,0.0
4,rtv_runningteam,0,0.0592124155753661,0.0268002321763412,0.0324121833990249,0.0324121833990249,0.2698655582498759,0.2689094245433807,0.0327595322570525,0.04697798192501068,0.195980966091156,0.3704883158206939,0.28125,0.21875,64.0,64,64,1.0,1.0,0.0
4,hamoda.hassan.9,0,0.0826493910608556,0.0440760034001664,0.0385733876606892,0.0385733876606892,0.2198723589486264,0.2172492146492004,0.0322216682410655,0.0255846306681633,0.1643647700548172,0.3174456059932709,0.06382978723404255,0.8297872340425532,47.0,47,64,0.734375,1.0,0.0
4,felix_feidong,0,0.0973605996078922,0.0677953839993054,0.0295652156085867,0.0295652156085867,0.2452950506134236,0.2439741343259811,0.0379948595189203,0.044408440589904785,0.1727655977010727,0.3555500507354736,0.1276595744680851,0.46808510638297873,47.0,47,49,0.734375,0.765625,15.0
4,hellotuday_,0,0.0649270011059415,0.0237826025222103,0.0411443985837312,0.0411443985837312,0.297618379117921,0.3014525771141052,0.0219613774198739,0.026922434568405096,0.2355790734291076,0.3483793139457702,0.671875,0.015625,64.0,64,64,1.0,1.0,0.0
4,finding.joy.bear,0,0.108617681016423,0.0533589100557148,0.0552587709607081,0.0552587709607081,0.2770419865846634,0.2744987308979034,0.0258843040907064,0.029294513165950775,0.2289735376834869,0.3246507346630096,0.3125,0.09375,32.0,32,32,0.5,0.5,32.0
