experiment,group,fold,window_size,model,modality,text_embedding,image_embedding,calibration,calibration_fit_split,threshold_strategy,threshold_selection_split,evaluation_split,threshold,temperature,platt_a,platt_b,accuracy,precision,recall,f1,auc,nll,log_loss,brier,ece_10,n_samples,source_file,method
bert_clip_w64_fold0,final_preprocessing_v2,0,64,multimodal-transformer,both,bert,clip,none,none,validation_f1,validation,test,0.3377087362054896,,,,0.7586206896551724,0.6875,0.8461538461538461,0.7586206896551724,0.8641826923076923,0.4950935023350401,0.4950935023350401,0.165091928890662,0.1467252002580852,58,results/final_preprocessing_v2/methods/bert_clip/w64/bert_clip_w64_fold0_metrics.csv,bert_clip
bert_clip_w64_fold1,final_preprocessing_v2,1,64,multimodal-transformer,both,bert,clip,none,none,validation_f1,validation,test,0.3226178336968301,,,,0.7931034482758621,0.7692307692307693,0.7692307692307693,0.7692307692307693,0.8737980769230769,0.4605496008451956,0.4605496008451956,0.1492687991369876,0.0905802100627768,58,results/final_preprocessing_v2/methods/bert_clip/w64/bert_clip_w64_fold1_metrics.csv,bert_clip
bert_clip_w64_fold2,final_preprocessing_v2,2,64,multimodal-transformer,both,bert,clip,none,none,validation_f1,validation,test,0.1330126093082226,,,,0.6896551724137931,0.5909090909090909,1.0,0.7428571428571429,0.9639423076923076,0.2918049655612887,0.2918049655612887,0.0831948657058183,0.1769337204448854,58,results/final_preprocessing_v2/methods/bert_clip/w64/bert_clip_w64_fold2_metrics.csv,bert_clip
bert_clip_w64_fold3,final_preprocessing_v2,3,64,multimodal-transformer,both,bert,clip,none,none,validation_f1,validation,test,0.5230274241234272,,,,0.8166666666666667,0.9411764705882352,0.6153846153846154,0.7441860465116279,0.8925339366515836,0.4352696839698283,0.4352696839698283,0.1354747506684025,0.0970001962392776,60,results/final_preprocessing_v2/methods/bert_clip/w64/bert_clip_w64_fold3_metrics.csv,bert_clip
bert_clip_w64_fold4,final_preprocessing_v2,4,64,multimodal-transformer,both,bert,clip,none,none,validation_f1,validation,test,0.3484527497514231,,,,0.896551724137931,0.8846153846153846,0.8846153846153846,0.8846153846153846,0.921875,0.3704893762270332,0.3704893762270332,0.1142072866536181,0.0957972436410109,58,results/final_preprocessing_v2/methods/bert_clip/w64/bert_clip_w64_fold4_metrics.csv,bert_clip
concat_w64_fold0,final_preprocessing_v2,0,64,text-image-concat,both,clip,clip,none,none,validation_f1,validation,test,0.3410657921833009,,,,0.5517241379310345,0.5,0.9615384615384616,0.6578947368421053,0.733173076923077,0.6183124434867944,0.6183124434867944,0.2139729055006736,0.1170262255697591,58,results/final_preprocessing_v2/methods/concat/w64/concat_w64_fold0_metrics.csv,concat
concat_w64_fold1,final_preprocessing_v2,1,64,text-image-concat,both,clip,clip,none,none,validation_f1,validation,test,0.4022345286429593,,,,0.7068965517241379,0.6451612903225806,0.7692307692307693,0.7017543859649122,0.8161057692307693,0.5736321057088073,0.5736321057088073,0.1931970388453316,0.1025107615248592,58,results/final_preprocessing_v2/methods/concat/w64/concat_w64_fold1_metrics.csv,concat
concat_w64_fold2,final_preprocessing_v2,2,64,text-image-concat,both,clip,clip,none,none,validation_f1,validation,test,0.3512108932626823,,,,0.6724137931034483,0.5813953488372093,0.9615384615384616,0.7246376811594203,0.828125,0.5806315310168499,0.5806315310168499,0.1957017864030137,0.1403956326185191,58,results/final_preprocessing_v2/methods/concat/w64/concat_w64_fold2_metrics.csv,concat
concat_w64_fold3,final_preprocessing_v2,3,64,text-image-concat,both,clip,clip,none,none,validation_f1,validation,test,0.4391101709102279,,,,0.7166666666666667,0.6216216216216216,0.8846153846153846,0.7301587301587301,0.7952488687782806,0.6093584185809465,0.6093584185809465,0.209112624522663,0.1429051777677738,60,results/final_preprocessing_v2/methods/concat/w64/concat_w64_fold3_metrics.csv,concat
concat_w64_fold4,final_preprocessing_v2,4,64,text-image-concat,both,clip,clip,none,none,validation_f1,validation,test,0.4059072098995334,,,,0.6551724137931034,0.6071428571428571,0.6538461538461539,0.6296296296296297,0.7944711538461539,0.5977373764638451,0.5977373764638451,0.2041655877881473,0.0663262879525292,58,results/final_preprocessing_v2/methods/concat/w64/concat_w64_fold4_metrics.csv,concat
contextvecnet_w64_fold0,final_preprocessing_v2,0,64,multimodal-transformer,both,clip,clip,none,none,fixed_0.5,fixed,test,0.5,,,,0.7241379310344828,0.6666666666666666,0.7692307692307693,0.7142857142857143,0.7884615384615384,0.5583873661608062,0.5583873661608062,0.1846143664952759,0.1743337791187346,58,results/final_preprocessing_v2/methods/contextvecnet/w64/contextvecnet_w64_fold0_metrics.csv,contextvecnet
contextvecnet_w64_fold0,final_preprocessing_v2,0,64,multimodal-transformer,both,clip,clip,temperature,validation,fixed_0.5,fixed,test,0.5,0.8641718020981537,,,0.7241379310344828,0.6666666666666666,0.7692307692307693,0.7142857142857143,0.7884615384615384,0.5623085853039055,0.5623085853039055,0.1845650857877225,0.1427234670832734,58,results/final_preprocessing_v2/methods/contextvecnet/w64/contextvecnet_w64_fold0_metrics.csv,contextvecnet
contextvecnet_w64_fold0,final_preprocessing_v2,0,64,multimodal-transformer,both,clip,clip,platt,validation,fixed_0.5,fixed,test,0.5,,1.1597647419940849,0.2857264508645419,0.7586206896551724,0.6875,0.8461538461538461,0.7586206896551724,0.7884615384615384,0.5823859813247576,0.5823859813247576,0.1886882673991587,0.1632382008041338,58,results/final_preprocessing_v2/methods/contextvecnet/w64/contextvecnet_w64_fold0_metrics.csv,contextvecnet
contextvecnet_w64_fold0,final_preprocessing_v2,0,64,multimodal-transformer,both,clip,clip,platt,validation,validation_f1,validation,test,0.3070829749391198,,1.1597647419940849,0.2857264508645419,0.6896551724137931,0.6,0.9230769230769232,0.7272727272727273,0.7884615384615384,0.5823859813247576,0.5823859813247576,0.1886882673991587,0.1632382008041338,58,results/final_preprocessing_v2/methods/contextvecnet/w64/contextvecnet_w64_fold0_metrics.csv,contextvecnet
contextvecnet_w64_fold1,final_preprocessing_v2,1,64,multimodal-transformer,both,clip,clip,none,none,fixed_0.5,fixed,test,0.5,,,,0.7413793103448276,0.8666666666666667,0.5,0.6341463414634146,0.8846153846153846,0.4690204729380945,0.4690204729380945,0.155215876282921,0.1189167774726259,58,results/final_preprocessing_v2/methods/contextvecnet/w64/contextvecnet_w64_fold1_metrics.csv,contextvecnet
contextvecnet_w64_fold1,final_preprocessing_v2,1,64,multimodal-transformer,both,clip,clip,temperature,validation,fixed_0.5,fixed,test,0.5,1.0888733955489682,,,0.7413793103448276,0.8666666666666667,0.5,0.6341463414634146,0.8846153846153846,0.4740889213318194,0.4740889213318194,0.1560404894851798,0.115178763764647,58,results/final_preprocessing_v2/methods/contextvecnet/w64/contextvecnet_w64_fold1_metrics.csv,contextvecnet
contextvecnet_w64_fold1,final_preprocessing_v2,1,64,multimodal-transformer,both,clip,clip,platt,validation,fixed_0.5,fixed,test,0.5,,0.8540586793796646,-0.0697983450132452,0.7241379310344828,0.8571428571428571,0.4615384615384615,0.6,0.8846153846153846,0.4843714579728663,0.4843714579728663,0.1597468052147731,0.1259950063598628,58,results/final_preprocessing_v2/methods/contextvecnet/w64/contextvecnet_w64_fold1_metrics.csv,contextvecnet
contextvecnet_w64_fold1,final_preprocessing_v2,1,64,multimodal-transformer,both,clip,clip,platt,validation,validation_f1,validation,test,0.3274067462094844,,0.8540586793796646,-0.0697983450132452,0.7931034482758621,0.75,0.8076923076923077,0.7777777777777778,0.8846153846153846,0.4843714579728663,0.4843714579728663,0.1597468052147731,0.1259950063598628,58,results/final_preprocessing_v2/methods/contextvecnet/w64/contextvecnet_w64_fold1_metrics.csv,contextvecnet
contextvecnet_w64_fold2,final_preprocessing_v2,2,64,multimodal-transformer,both,clip,clip,none,none,fixed_0.5,fixed,test,0.5,,,,0.8103448275862069,0.8,0.7692307692307693,0.7843137254901961,0.90625,0.411911921302637,0.411911921302637,0.1289127213495732,0.1274228598892431,58,results/final_preprocessing_v2/methods/contextvecnet/w64/contextvecnet_w64_fold2_metrics.csv,contextvecnet
contextvecnet_w64_fold2,final_preprocessing_v2,2,64,multimodal-transformer,both,clip,clip,temperature,validation,fixed_0.5,fixed,test,0.5,0.8343837126059926,,,0.8103448275862069,0.8,0.7692307692307693,0.7843137254901961,0.90625,0.3970110224561372,0.3970110224561372,0.1254516040765652,0.1144253030269077,58,results/final_preprocessing_v2/methods/contextvecnet/w64/contextvecnet_w64_fold2_metrics.csv,contextvecnet
contextvecnet_w64_fold2,final_preprocessing_v2,2,64,multimodal-transformer,both,clip,clip,platt,validation,fixed_0.5,fixed,test,0.5,,1.2191716377763189,0.3808465516067705,0.8448275862068966,0.7741935483870968,0.9230769230769232,0.8421052631578947,0.90625,0.4159274289729116,0.4159274289729116,0.1326365724906784,0.1208754043889852,58,results/final_preprocessing_v2/methods/contextvecnet/w64/contextvecnet_w64_fold2_metrics.csv,contextvecnet
contextvecnet_w64_fold2,final_preprocessing_v2,2,64,multimodal-transformer,both,clip,clip,platt,validation,validation_f1,validation,test,0.2644061774136382,,1.2191716377763189,0.3808465516067705,0.7068965517241379,0.6097560975609756,0.9615384615384616,0.746268656716418,0.90625,0.4159274289729116,0.4159274289729116,0.1326365724906784,0.1208754043889852,58,results/final_preprocessing_v2/methods/contextvecnet/w64/contextvecnet_w64_fold2_metrics.csv,contextvecnet
contextvecnet_w64_fold3,final_preprocessing_v2,3,64,multimodal-transformer,both,clip,clip,none,none,fixed_0.5,fixed,test,0.5,,,,0.7166666666666667,0.68,0.6538461538461539,0.6666666666666666,0.8393665158371041,0.5136408366700655,0.5136408366700655,0.171735710676045,0.1408626362584486,60,results/final_preprocessing_v2/methods/contextvecnet/w64/contextvecnet_w64_fold3_metrics.csv,contextvecnet
contextvecnet_w64_fold3,final_preprocessing_v2,3,64,multimodal-transformer,both,clip,clip,temperature,validation,fixed_0.5,fixed,test,0.5,0.6680034747245891,,,0.7166666666666667,0.68,0.6538461538461539,0.6666666666666666,0.8393665158371041,0.534736422424514,0.534736422424514,0.1807127387053563,0.1554350636966146,60,results/final_preprocessing_v2/methods/contextvecnet/w64/contextvecnet_w64_fold3_metrics.csv,contextvecnet
contextvecnet_w64_fold3,final_preprocessing_v2,3,64,multimodal-transformer,both,clip,clip,platt,validation,fixed_0.5,fixed,test,0.5,,1.3842110731159707,0.2367123066313365,0.7166666666666667,0.68,0.6538461538461539,0.6666666666666666,0.8393665158371041,0.5248667294629576,0.5248667294629576,0.1757611321836379,0.1347366613258162,60,results/final_preprocessing_v2/methods/contextvecnet/w64/contextvecnet_w64_fold3_metrics.csv,contextvecnet
contextvecnet_w64_fold3,final_preprocessing_v2,3,64,multimodal-transformer,both,clip,clip,platt,validation,validation_f1,validation,test,0.4550528042032269,,1.3842110731159707,0.2367123066313365,0.75,0.7037037037037037,0.7307692307692307,0.7169811320754716,0.8393665158371041,0.5248667294629576,0.5248667294629576,0.1757611321836379,0.1347366613258162,60,results/final_preprocessing_v2/methods/contextvecnet/w64/contextvecnet_w64_fold3_metrics.csv,contextvecnet
contextvecnet_w64_fold4,final_preprocessing_v2,4,64,multimodal-transformer,both,clip,clip,none,none,fixed_0.5,fixed,test,0.5,,,,0.6724137931034483,0.7333333333333333,0.4230769230769231,0.5365853658536586,0.84375,0.5245511303748674,0.5245511303748674,0.1787616047090864,0.1629301771390124,58,results/final_preprocessing_v2/methods/contextvecnet/w64/contextvecnet_w64_fold4_metrics.csv,contextvecnet
contextvecnet_w64_fold4,final_preprocessing_v2,4,64,multimodal-transformer,both,clip,clip,temperature,validation,fixed_0.5,fixed,test,0.5,0.955734641481686,,,0.6724137931034483,0.7333333333333333,0.4230769230769231,0.5365853658536586,0.84375,0.5258497072736025,0.5258497072736025,0.1797114378659856,0.1563768396326589,58,results/final_preprocessing_v2/methods/contextvecnet/w64/contextvecnet_w64_fold4_metrics.csv,contextvecnet
contextvecnet_w64_fold4,final_preprocessing_v2,4,64,multimodal-transformer,both,clip,clip,platt,validation,fixed_0.5,fixed,test,0.5,,0.9697021853072114,-0.0606316343955428,0.6896551724137931,0.7857142857142857,0.4230769230769231,0.55,0.84375,0.5288415630552589,0.5288415630552589,0.1802550725361371,0.1488701445891567,58,results/final_preprocessing_v2/methods/contextvecnet/w64/contextvecnet_w64_fold4_metrics.csv,contextvecnet
contextvecnet_w64_fold4,final_preprocessing_v2,4,64,multimodal-transformer,both,clip,clip,platt,validation,validation_f1,validation,test,0.2358370197470991,,0.9697021853072114,-0.0606316343955428,0.6896551724137931,0.625,0.7692307692307693,0.6896551724137931,0.84375,0.5288415630552589,0.5288415630552589,0.1802550725361371,0.1488701445891567,58,results/final_preprocessing_v2/methods/contextvecnet/w64/contextvecnet_w64_fold4_metrics.csv,contextvecnet
image_clip_w64_fold0,final_preprocessing_v2,0,64,multimodal-transformer,image,clip,clip,none,none,validation_f1,validation,test,0.3025588414186685,,,,0.6379310344827587,0.5555555555555556,0.9615384615384616,0.704225352112676,0.7475961538461537,0.5975898044967478,0.5975898044967478,0.2028519784959591,0.1148344943694151,58,results/final_preprocessing_v2/methods/image_clip/w64/image_clip_w64_fold0_metrics.csv,image_clip
image_clip_w64_fold1,final_preprocessing_v2,1,64,multimodal-transformer,image,clip,clip,none,none,validation_f1,validation,test,0.3131174693859162,,,,0.7413793103448276,0.6774193548387096,0.8076923076923077,0.7368421052631579,0.8233173076923077,0.5462226222223695,0.5462226222223695,0.1854600263667665,0.1603940719222269,58,results/final_preprocessing_v2/methods/image_clip/w64/image_clip_w64_fold1_metrics.csv,image_clip
image_clip_w64_fold2,final_preprocessing_v2,2,64,multimodal-transformer,image,clip,clip,none,none,validation_f1,validation,test,0.285773949168993,,,,0.6724137931034483,0.5853658536585366,0.9230769230769232,0.7164179104477612,0.8197115384615384,0.5243624428780016,0.5243624428780016,0.1738803837915093,0.1592993833950837,58,results/final_preprocessing_v2/methods/image_clip/w64/image_clip_w64_fold2_metrics.csv,image_clip
image_clip_w64_fold3,final_preprocessing_v2,3,64,multimodal-transformer,image,clip,clip,none,none,validation_f1,validation,test,0.366759102703876,,,,0.6666666666666666,0.575,0.8846153846153846,0.696969696969697,0.7794117647058824,0.5744733282599767,0.5744733282599767,0.1957605709995548,0.1310316838318547,60,results/final_preprocessing_v2/methods/image_clip/w64/image_clip_w64_fold3_metrics.csv,image_clip
image_clip_w64_fold4,final_preprocessing_v2,4,64,multimodal-transformer,image,clip,clip,none,none,validation_f1,validation,test,0.3084356903991649,,,,0.7068965517241379,0.6451612903225806,0.7692307692307693,0.7017543859649122,0.7932692307692307,0.5653799025552513,0.5653799025552513,0.1893962372692694,0.1127729395031993,58,results/final_preprocessing_v2/methods/image_clip/w64/image_clip_w64_fold4_metrics.csv,image_clip
lstm_w64_fold0,final_preprocessing_v2,0,64,lstm-baseline,both,clip,clip,none,none,validation_f1,validation,test,0.4219901732654921,,,,0.6551724137931034,0.5714285714285714,0.9230769230769232,0.7058823529411765,0.7896634615384616,0.6211622979486596,0.6211622979486596,0.2145239155270419,0.1518694019016432,58,results/final_preprocessing_v2/methods/lstm/w64/lstm_w64_fold0_metrics.csv,lstm
lstm_w64_fold1,final_preprocessing_v2,1,64,lstm-baseline,both,clip,clip,none,none,validation_f1,validation,test,0.4774302669787694,,,,0.7758620689655172,0.782608695652174,0.6923076923076923,0.7346938775510204,0.8473557692307692,0.5981263900048756,0.5981263900048756,0.2035267716824013,0.1690909936949134,58,results/final_preprocessing_v2/methods/lstm/w64/lstm_w64_fold1_metrics.csv,lstm
lstm_w64_fold2,final_preprocessing_v2,2,64,lstm-baseline,both,clip,clip,none,none,validation_f1,validation,test,0.4240446352586698,,,,0.6896551724137931,0.5952380952380952,0.9615384615384616,0.7352941176470589,0.8701923076923077,0.6078390956988741,0.6078390956988741,0.2079406577520911,0.1915506889958929,58,results/final_preprocessing_v2/methods/lstm/w64/lstm_w64_fold2_metrics.csv,lstm
lstm_w64_fold3,final_preprocessing_v2,3,64,lstm-baseline,both,clip,clip,none,none,validation_f1,validation,test,0.4403372230716635,,,,0.6833333333333333,0.5897435897435898,0.8846153846153846,0.7076923076923077,0.8088235294117647,0.6184102353856245,0.6184102353856245,0.2132525242869843,0.143874099223761,60,results/final_preprocessing_v2/methods/lstm/w64/lstm_w64_fold3_metrics.csv,lstm
lstm_w64_fold4,final_preprocessing_v2,4,64,lstm-baseline,both,clip,clip,none,none,validation_f1,validation,test,0.4584530521132145,,,,0.7068965517241379,0.68,0.6538461538461539,0.6666666666666666,0.8076923076923077,0.619525500385217,0.619525500385217,0.2137713374774885,0.1314319465093833,58,results/final_preprocessing_v2/methods/lstm/w64/lstm_w64_fold4_metrics.csv,lstm
text_bert_w64_fold0,final_preprocessing_v2,0,64,multimodal-transformer,text,bert,clip,none,none,validation_f1,validation,test,0.3292227008133845,,,,0.7413793103448276,0.6571428571428571,0.8846153846153846,0.7540983606557377,0.8533653846153846,0.47150996013702,0.47150996013702,0.1574404291264044,0.1228701361059381,58,results/final_preprocessing_v2/methods/text_bert/w64/text_bert_w64_fold0_metrics.csv,text_bert
text_bert_w64_fold1,final_preprocessing_v2,1,64,multimodal-transformer,text,bert,clip,none,none,validation_f1,validation,test,0.4870751093923089,,,,0.7931034482758621,0.8181818181818182,0.6923076923076923,0.75,0.8774038461538461,0.4637175364470951,0.4637175364470951,0.152559707715482,0.0789733118669515,58,results/final_preprocessing_v2/methods/text_bert/w64/text_bert_w64_fold1_metrics.csv,text_bert
text_bert_w64_fold2,final_preprocessing_v2,2,64,multimodal-transformer,text,bert,clip,none,none,validation_f1,validation,test,0.2395427346368431,,,,0.7758620689655172,0.6756756756756757,0.9615384615384616,0.7936507936507936,0.9543269230769232,0.3093378599739048,0.3093378599739048,0.0866331621201657,0.1297555720514958,58,results/final_preprocessing_v2/methods/text_bert/w64/text_bert_w64_fold2_metrics.csv,text_bert
text_bert_w64_fold3,final_preprocessing_v2,3,64,multimodal-transformer,text,bert,clip,none,none,validation_f1,validation,test,0.4703367025185562,,,,0.8333333333333334,0.9444444444444444,0.6538461538461539,0.7727272727272727,0.8834841628959276,0.4338253607863616,0.4338253607863616,0.1339458439875903,0.111382901559409,60,results/final_preprocessing_v2/methods/text_bert/w64/text_bert_w64_fold3_metrics.csv,text_bert
text_bert_w64_fold4,final_preprocessing_v2,4,64,multimodal-transformer,text,bert,clip,none,none,validation_f1,validation,test,0.3165906383918283,,,,0.8448275862068966,0.8148148148148148,0.8461538461538461,0.8301886792452831,0.9290865384615384,0.3620214438816758,0.3620214438816758,0.1142669386292654,0.0866717164665935,58,results/final_preprocessing_v2/methods/text_bert/w64/text_bert_w64_fold4_metrics.csv,text_bert
text_clip_w64_fold0,final_preprocessing_v2,0,64,multimodal-transformer,text,clip,clip,none,none,validation_f1,validation,test,0.3800024830408191,,,,0.7758620689655172,0.696969696969697,0.8846153846153846,0.7796610169491526,0.8040865384615384,0.5458737225431325,0.5458737225431325,0.1767435038081257,0.1085478408104411,58,results/final_preprocessing_v2/methods/text_clip/w64/text_clip_w64_fold0_metrics.csv,text_clip
text_clip_w64_fold1,final_preprocessing_v2,1,64,multimodal-transformer,text,clip,clip,none,none,validation_f1,validation,test,0.3231079914414869,,,,0.7931034482758621,0.75,0.8076923076923077,0.7777777777777778,0.8641826923076923,0.4999737291688674,0.4999737291688674,0.1672986943470095,0.1315659630292003,58,results/final_preprocessing_v2/methods/text_clip/w64/text_clip_w64_fold1_metrics.csv,text_clip
text_clip_w64_fold2,final_preprocessing_v2,2,64,multimodal-transformer,text,clip,clip,none,none,validation_f1,validation,test,0.3147310764788149,,,,0.7758620689655172,0.6756756756756757,0.9615384615384616,0.7936507936507936,0.9098557692307692,0.4212706437610644,0.4212706437610644,0.1302339949824059,0.1141617585148496,58,results/final_preprocessing_v2/methods/text_clip/w64/text_clip_w64_fold2_metrics.csv,text_clip
text_clip_w64_fold3,final_preprocessing_v2,3,64,multimodal-transformer,text,clip,clip,none,none,validation_f1,validation,test,0.4181038002723676,,,,0.7666666666666667,0.7142857142857143,0.7692307692307693,0.7407407407407407,0.8427601809954751,0.516346515557003,0.516346515557003,0.1713799614825634,0.1260224159743492,60,results/final_preprocessing_v2/methods/text_clip/w64/text_clip_w64_fold3_metrics.csv,text_clip
text_clip_w64_fold4,final_preprocessing_v2,4,64,multimodal-transformer,text,clip,clip,none,none,validation_f1,validation,test,0.2753095059111028,,,,0.7068965517241379,0.6451612903225806,0.7692307692307693,0.7017543859649122,0.84375,0.5138892082397475,0.5138892082397475,0.1733720662403192,0.1420976337477514,58,results/final_preprocessing_v2/methods/text_clip/w64/text_clip_w64_fold4_metrics.csv,text_clip
contextvecnet_w64_fold0,final_preprocessing_v2,0,64,multimodal-transformer,both,clip,clip,none,none,validation_f1,validation,test,0.2792764994600953,,,,0.6896551724137931,0.6,0.9230769230769232,0.7272727272727273,0.7884615384615384,0.5583873661608062,0.5583873661608062,0.1846143664952759,0.1743337791187346,58,results/final_preprocessing_v2/supplemental/contextvecnet_uncalibrated_validation_f1/w64/contextvecnet_w64_fold0_metrics.csv,contextvecnet
contextvecnet_w64_fold1,final_preprocessing_v2,1,64,multimodal-transformer,both,clip,clip,none,none,validation_f1,validation,test,0.3183782464404059,,,,0.7931034482758621,0.75,0.8076923076923077,0.7777777777777778,0.8846153846153846,0.4690204729380945,0.4690204729380945,0.155215876282921,0.1189167774726259,58,results/final_preprocessing_v2/supplemental/contextvecnet_uncalibrated_validation_f1/w64/contextvecnet_w64_fold1_metrics.csv,contextvecnet
contextvecnet_w64_fold2,final_preprocessing_v2,2,64,multimodal-transformer,both,clip,clip,none,none,validation_f1,validation,test,0.2401909526836873,,,,0.7068965517241379,0.6097560975609756,0.9615384615384616,0.746268656716418,0.90625,0.411911921302637,0.411911921302637,0.1289127213495732,0.1274228598892431,58,results/final_preprocessing_v2/supplemental/contextvecnet_uncalibrated_validation_f1/w64/contextvecnet_w64_fold2_metrics.csv,contextvecnet
contextvecnet_w64_fold3,final_preprocessing_v2,3,64,multimodal-transformer,both,clip,clip,none,none,validation_f1,validation,test,0.4252529704859421,,,,0.75,0.7037037037037037,0.7307692307692307,0.7169811320754716,0.8393665158371041,0.5136408366700655,0.5136408366700655,0.171735710676045,0.1408626362584486,60,results/final_preprocessing_v2/supplemental/contextvecnet_uncalibrated_validation_f1/w64/contextvecnet_w64_fold3_metrics.csv,contextvecnet
contextvecnet_w64_fold4,final_preprocessing_v2,4,64,multimodal-transformer,both,clip,clip,none,none,validation_f1,validation,test,0.2405171552932084,,,,0.6896551724137931,0.625,0.7692307692307693,0.6896551724137931,0.84375,0.5245511303748674,0.5245511303748674,0.1787616047090864,0.1629301771390124,58,results/final_preprocessing_v2/supplemental/contextvecnet_uncalibrated_validation_f1/w64/contextvecnet_w64_fold4_metrics.csv,contextvecnet
bert_clip_w128_fold0,final_preprocessing_v2,0,128,multimodal-transformer,both,bert,clip,none,none,validation_f1,validation,test,0.334755168374101,,,,0.7586206896551724,0.6875,0.8461538461538461,0.7586206896551724,0.8533653846153846,0.527944128941457,0.527944128941457,0.1784691744278455,0.1434589553176391,58,results/final_preprocessing_v2/window_sizes/bert_clip/w128/bert_clip_w128_fold0_metrics.csv,bert_clip
bert_clip_w128_fold1,final_preprocessing_v2,1,128,multimodal-transformer,both,bert,clip,none,none,validation_f1,validation,test,0.3039125398205666,,,,0.7758620689655172,0.7407407407407407,0.7692307692307693,0.7547169811320755,0.8822115384615384,0.4410770679991404,0.4410770679991404,0.1415700429480681,0.0957617889104625,58,results/final_preprocessing_v2/window_sizes/bert_clip/w128/bert_clip_w128_fold1_metrics.csv,bert_clip
bert_clip_w128_fold2,final_preprocessing_v2,2,128,multimodal-transformer,both,bert,clip,none,none,validation_f1,validation,test,0.6207451979365234,,,,0.9310344827586208,1.0,0.8461538461538461,0.9166666666666666,0.9723557692307692,0.2788708807088162,0.2788708807088162,0.0780757708282412,0.1587696479817868,58,results/final_preprocessing_v2/window_sizes/bert_clip/w128/bert_clip_w128_fold2_metrics.csv,bert_clip
bert_clip_w128_fold3,final_preprocessing_v2,3,128,multimodal-transformer,both,bert,clip,none,none,validation_f1,validation,test,0.5230807330746335,,,,0.85,0.9473684210526316,0.6923076923076923,0.8,0.9004524886877828,0.3880412802731426,0.3880412802731426,0.1171142139951857,0.0853587757769366,60,results/final_preprocessing_v2/window_sizes/bert_clip/w128/bert_clip_w128_fold3_metrics.csv,bert_clip
bert_clip_w128_fold4,final_preprocessing_v2,4,128,multimodal-transformer,both,bert,clip,none,none,validation_f1,validation,test,0.4041549843812781,,,,0.8793103448275862,0.88,0.8461538461538461,0.8627450980392157,0.919471153846154,0.3612156206213733,0.3612156206213733,0.1109624103382799,0.0884682547121491,58,results/final_preprocessing_v2/window_sizes/bert_clip/w128/bert_clip_w128_fold4_metrics.csv,bert_clip
bert_clip_w16_fold0,final_preprocessing_v2,0,16,multimodal-transformer,both,bert,clip,none,none,validation_f1,validation,test,0.4535609989028033,,,,0.7931034482758621,0.7692307692307693,0.7692307692307693,0.7692307692307693,0.8629807692307692,0.4961779544587344,0.4961779544587344,0.164423746140142,0.1046794465113963,58,results/final_preprocessing_v2/window_sizes/bert_clip/w16/bert_clip_w16_fold0_metrics.csv,bert_clip
bert_clip_w16_fold1,final_preprocessing_v2,1,16,multimodal-transformer,both,bert,clip,none,none,validation_f1,validation,test,0.2778665594826785,,,,0.7758620689655172,0.7407407407407407,0.7692307692307693,0.7547169811320755,0.858173076923077,0.4815230522101744,0.4815230522101744,0.1569223562686036,0.0968382216966298,58,results/final_preprocessing_v2/window_sizes/bert_clip/w16/bert_clip_w16_fold1_metrics.csv,bert_clip
bert_clip_w16_fold2,final_preprocessing_v2,2,16,multimodal-transformer,both,bert,clip,none,none,validation_f1,validation,test,0.2002584367294863,,,,0.7931034482758621,0.6842105263157895,1.0,0.8125,0.9338942307692308,0.3645529583689272,0.3645529583689272,0.1119683703484804,0.1695473709914628,58,results/final_preprocessing_v2/window_sizes/bert_clip/w16/bert_clip_w16_fold2_metrics.csv,bert_clip
bert_clip_w16_fold3,final_preprocessing_v2,3,16,multimodal-transformer,both,bert,clip,none,none,validation_f1,validation,test,0.4840084820397423,,,,0.8166666666666667,0.8947368421052632,0.6538461538461539,0.7555555555555555,0.8755656108597285,0.4274073065318605,0.4274073065318605,0.1345363355561137,0.1105408138185535,60,results/final_preprocessing_v2/window_sizes/bert_clip/w16/bert_clip_w16_fold3_metrics.csv,bert_clip
bert_clip_w16_fold4,final_preprocessing_v2,4,16,multimodal-transformer,both,bert,clip,none,none,validation_f1,validation,test,0.3705531792313921,,,,0.8275862068965517,0.8076923076923077,0.8076923076923077,0.8076923076923077,0.9098557692307692,0.3993999310097921,0.3993999310097921,0.1250737111940597,0.1478080147791285,58,results/final_preprocessing_v2/window_sizes/bert_clip/w16/bert_clip_w16_fold4_metrics.csv,bert_clip
bert_clip_w32_fold0,final_preprocessing_v2,0,32,multimodal-transformer,both,bert,clip,none,none,validation_f1,validation,test,0.2192850096802089,,,,0.7931034482758621,0.6944444444444444,0.9615384615384616,0.8064516129032258,0.8713942307692307,0.4571286763824749,0.4571286763824749,0.1522280583059207,0.1352007143856121,58,results/final_preprocessing_v2/window_sizes/bert_clip/w32/bert_clip_w32_fold0_metrics.csv,bert_clip
bert_clip_w32_fold1,final_preprocessing_v2,1,32,multimodal-transformer,both,bert,clip,none,none,validation_f1,validation,test,0.2977887596658675,,,,0.7586206896551724,0.7142857142857143,0.7692307692307693,0.7407407407407407,0.8786057692307693,0.4649267651328543,0.4649267651328543,0.1516433689491712,0.1148907021827139,58,results/final_preprocessing_v2/window_sizes/bert_clip/w32/bert_clip_w32_fold1_metrics.csv,bert_clip
bert_clip_w32_fold2,final_preprocessing_v2,2,32,multimodal-transformer,both,bert,clip,none,none,validation_f1,validation,test,0.1777562227858564,,,,0.7586206896551724,0.65,1.0,0.7878787878787878,0.9519230769230768,0.331202891337213,0.331202891337213,0.0969727233336115,0.1128023164700321,58,results/final_preprocessing_v2/window_sizes/bert_clip/w32/bert_clip_w32_fold2_metrics.csv,bert_clip
bert_clip_w32_fold3,final_preprocessing_v2,3,32,multimodal-transformer,both,bert,clip,none,none,validation_f1,validation,test,0.6616738567020773,,,,0.8166666666666667,0.9411764705882352,0.6153846153846154,0.7441860465116279,0.8823529411764706,0.4091042802055068,0.4091042802055068,0.1272643687620767,0.1240109324638918,60,results/final_preprocessing_v2/window_sizes/bert_clip/w32/bert_clip_w32_fold3_metrics.csv,bert_clip
bert_clip_w32_fold4,final_preprocessing_v2,4,32,multimodal-transformer,both,bert,clip,none,none,validation_f1,validation,test,0.3490142097555305,,,,0.8448275862068966,0.8695652173913043,0.7692307692307693,0.8163265306122449,0.9134615384615384,0.398328172725618,0.398328172725618,0.1261571405616577,0.100913682656129,58,results/final_preprocessing_v2/window_sizes/bert_clip/w32/bert_clip_w32_fold4_metrics.csv,bert_clip
contextvecnet_w16_fold0,final_preprocessing_v2,0,16,multimodal-transformer,both,clip,clip,none,none,validation_f1,validation,test,0.23876443248776,,,,0.6551724137931034,0.5652173913043478,1.0,0.7222222222222222,0.7992788461538461,0.5528904225879716,0.5528904225879716,0.1864179165275537,0.1665336199105415,58,results/final_preprocessing_v2/window_sizes/contextvecnet/w16/contextvecnet_w16_fold0_metrics.csv,contextvecnet
