case_type,minimal_review_reason,fold,author,label,multimodal_probability,text_probability,delta_p,multimodal_error_type,user_alignment_group,mean_similarity,multimodal_logit,multimodal_threshold,multimodal_prediction,text_logit,text_threshold,text_prediction,text_correct,text_error_type,multimodal_correct,valid_post_count,sd_similarity,median_similarity,q1_similarity,q3_similarity,min_similarity,max_similarity,high_post_count,low_post_count,abs_delta_p,lowest_similarity_caption,lowest_similarity_image_path,lowest_post_similarity,highest_similarity_caption,highest_similarity_image_path,highest_post_similarity,manual_text_image_consistency,manual_image_extra_signal,manual_image_effect,manual_inconsistency_taxonomy_A_to_H,manual_identifiable_info,manual_notes
multimodal_false_positive_top10,multimodal_false_positive_top10,3,ed.stories,0,0.9382485638466918,0.8949945912986934,0.0432539725479983,FP,Medium,0.2606092533096671,2.720897674560547,0.5230274241234272,1,2.142805814743042,0.4703367025185562,1,False,FP,False,64.0,0.0162181474311773,0.2627435028553009,0.2517233863472938,0.2723799422383308,0.2061319649219513,0.2918647825717926,3.0,9.0,,"《世界好像在原地轉圈》 世界好像在原地轉圈 進食、饑餓、再進食 慾望、洩慾、再慾望 歷史、重演、再歷史 新年、變舊、再新年 繞一大個圈之後又再 歸於寂靜,寂靜過後 世界還是在站在原地 原地並沒有甚麼不好 繼續繼續繞另一個圈 20260220",/mnt/d/時間序列/ContextVecNet_Instagram_filtered_new/negative/ed.stories/images/3836624615662287404_5177156112.jpg,0.2061319649219513,《因為孤獨是自由的同義詞》 最後你得償所願 獲取了想要的自由 千萬不要覺得 孤獨是悲劇一種 因為自由是孤獨的同義詞 所以你不能抱怨 不能說感到後悔 不可表現痛苦模樣 所以你可以一個人吃飯 一個人看電影和過馬路 一個人去醫院和排急症 所以你可以暗自孤獨 避免把快樂稀釋 享盡可享受的自由 20260408 ***** ***** ***** ***** ***** ***** 追蹤 沐浴於文學世界 ***** ***** ***** ***** ***** *****,/mnt/d/時間序列/ContextVecNet_Instagram_filtered_new/negative/ed.stories/images/3870197381602445263_5177156112.jpg,0.2918647825717926,一致,無,無明顯影響,,是,
multimodal_false_positive_top10,multimodal_false_positive_top10,0,iamfinety2.0,0,0.9107314588227756,0.7916053635372965,0.1191260952854791,FP,High,0.2830741261132061,2.322598934173584,0.3377087362054896,1,1.3346294164657593,0.3292227008133845,1,False,FP,False,64.0,0.0126335744916639,0.2829651981592178,0.2746015191078186,0.2923061326146126,0.2530758678913116,0.3137165307998657,23.0,0.0,,"有些事情變了就是變了, 就算能回到過去, 你的心都不一樣了。",/mnt/d/時間序列/ContextVecNet_Instagram_filtered_new/negative/iamfinety2.0/images/3343733159451329223_28899230819.jpg,0.2530758678913116,"別用5%的負面價值, 去否定自己100%的努力",/mnt/d/時間序列/ContextVecNet_Instagram_filtered_new/negative/iamfinety2.0/images/3763406419009823515_28899230819.jpg,0.3137165307998657,一致,無,無明顯影響,,是,
multimodal_false_positive_top10,multimodal_false_positive_top10,0,knowmi_0.0,0,0.90957003699769,0.9241481209272784,-0.0145780839295883,FP,Low,0.2334453678793377,2.308396339416504,0.3377087362054896,1,2.5000898838043213,0.3292227008133845,1,False,FP,False,63.0,0.0333492480029477,0.2293564826250076,0.2114723175764084,0.245472103357315,0.1720891594886779,0.3271195888519287,6.0,42.0,,"【專屬教授】旻城 *師生 *年齡差 ❗️完整版(設定有改)❗️ ——09 秋天的校園一向不安分。 校慶前夕,整個校內像被打翻了顏料盤,展覽布置、攤位準備,全系師生都忙得腳不沾地。 韓知城身為剛上任不久的年輕教授,原本只打算默默跟著流程走,沒想到最後被排去帶隊參加「學術研習營」——一場與他校聯合舉辦的兩天一夜課程,地點在半山腰上的研習中心。 住宿條件雖好,但因為臨時參加人數爆增,房間編排幾乎成了災難。 助教翻著表格,一臉苦惱:「教授......真的很抱歉,現在只剩一間空房,是兩人房,而且——」 她頓了頓,有些猶豫地看了走廊盡頭一眼。 「跟李旻浩同一間,您......方便嗎?」 韓知城一時間語塞,下意識想問能不能換。 但才剛張口,就看見走廊角落,那道熟悉的身影靠牆站著,一隻手轉著房卡,像早就等在那裡。 「教授也太慢了,我都快睡著了。」 他語氣平靜,眼神落在韓知城身上,有種不動聲色的觀察。 「你怎麼在這......」 「聽說要跟你同住,我當然先來看看環境。」李旻浩將房卡丟進掌心,手指一勾,示意他跟上,「行李給我,樓上走。」 — 一進房,氣氛明顯緊繃。 韓知城站在玄關脫鞋時還在努力裝冷靜:「我睡地上就好,反正只有一晚——」 「不行。」 李旻浩語氣很輕,但語氣裡沒有退讓的空間。他走進房間,順手把門關上,門鎖「咔」一聲輕響,在靜謐的空間裡像被放大了數倍。 韓知城下意識回頭,那一瞬間竟莫名覺得空氣裡多了點危險的氣味。 「我不會對你怎麼樣。」李旻浩彎下腰,把他的行李箱擺到牆邊,「你幹嘛緊張成這樣?」 「我才沒有緊張......」 「是嗎?」他看了他一眼,嘴角微微揚起,「那你耳朵紅什麼?」 韓知城語塞,只能轉身假裝整理被子。 「你以前說過,最怕麻煩。」他低聲問道,「那你這次——幹嘛搶著跟我同一間?」 「因為你不會讓我覺得麻煩。」 那話說得太自然,像是已經確認過千百遍的答案。韓知城卻像被什麼東西輕輕點了一下心口,愣住了。 — 入夜後,屋內只剩床頭燈亮著。 韓知城洗完澡早早鑽進棉被裡,整個人縮成一小團,只露出一雙眼睛。他其實不太敢睡——更準確地說,是睡不著。 另一側的床墊微微下陷,是李旻浩翻身的動作。 「你一直翻身,是背痛還是心事多?」 韓知城嚇一跳:「......你怎麼知道我翻身?」 「我睡得不沉,隔壁的氣息一亂我就知道了。」 「我、我只是......」 他沒說完,卻感覺那雙眼睛還在注視著他,穿透燈光與夜色。 「你是不是很奇怪我為什麼一直對你這樣?」 韓知城咬了咬唇,過了幾秒,才點了點頭。 「我本來的確不打算管太多。」 「可後來發現......你什麼都不說,又總是逞強,然後笑得那麼客氣,好像誰都靠得近,又像誰都靠不近。」 他語氣沒有起伏,卻句句清晰。 「我不喜歡那樣的你。」 韓知城怔住了,一時不知道該反駁什麼。 「但如果是你現在這樣——會困擾、會亂想、會紅著耳朵問我問題的樣子,」 李旻浩聲音低了些,像怕吵醒什麼,「我就想一直看著。」 韓知城臉整個燙起來,翻身把自己整個人埋進棉被裡。 然後,他聽見身邊傳來一聲悶笑。 「你再這樣躲,會悶死。」 「不、不要管我......」 「好,那我不吵你。」 李旻浩語氣像是在妥協,但下一句卻低得幾乎要貼在枕邊: 「只是記得,別再問我為什麼對你好。因為我已經很克制了。」 韓知城整個人僵住,手指緊緊抓著被角,心臟跳得像要破表。 — 他沒看到的是,李旻浩背對著他時,眼神裡有光,卻也帶著壓抑。 這段距離,他會等。 不是因為退讓,而是因為真正想要的,不能急。 等到那個總是小心翼翼的年輕教授,終於有天自己往他走來時—— 那才是,他最想要的答案。 (留言續)",/mnt/d/時間序列/ContextVecNet_Instagram_filtered_new/negative/knowmi_0.0/images/3639356085212067791_73207779627.jpg,0.1720891594886779,"【Trouble Maker】辰旻 *🚗🚗 — 「哈啊...嗯,太深了、不要...」 「還不能走喔~說好要讓我開心的對吧?」 「不要了....啊!」剛爬出一點距離就被黃鉉辰抓住腳踝拉回,突如其來的刺激讓李旻浩忍不住叫了出來,生理性的淚水蓄在眼眶邊緣搖搖欲墜。 — 「哥~」 「嗯?」 「好多stay在問我是怎麼說服你跳女位欸?」黃鉉辰刷著手機,無意見看到了stay們的短片及留言。 「嗯~為什麼呢~」李旻浩坐在一旁看著手機螢幕懶洋洋的回答 「...你沒在聽吧」 「聽著呢,你繼續說~」 「?說完啦!」 「是嗎?」 「...哥」 「嗯...唔!?」 還沒等李旻浩反應過來,黃鉉辰就突然強硬的扳過他的下巴吻了上去「唔...哈..呀黃鉉辰你幹嘛!」 「哥都沒在聽我說話對吧?」 「有...嗯..!」 翻身將還在嘴硬的哥哥壓在沙發上,黃鉉辰露出了意味深長的微笑。「是嗎?那我說了什麼?」 「......」 顯然這哥直到方才還沈迷於動畫片,一個字都沒聽進去,但嘴硬的小兔子是不會放棄狡辯的 「就是...跟stay們有關的嘛!」 「...說謊可是要受罰的喔~」寬大的手掌滑入衣襬,沿著緊緻的肌肉線條細細描繪,惹得身下人一陣顫慄,平時總表現得像個帕波(바보)的人現在卻笑得像隻壞狐狸,原先在腰部遊走的大掌逐漸向上...... 「唔...癢、你很煩......」 李旻浩咬著唇,聲音卻輕的像撒嬌。 「哥聲音怎麼抖成這樣?明明剛剛還很囂張」 黃鉉辰低頭,鼻頭輕輕蹭過小兔子泛紅的耳尖,語氣裡全是壞心眼的笑意。 大手不安份的從背脊滑到腰側,順著曲線向上,指尖在肌膚上像是灼熱的火苗,一點點點燃他的每寸感官 「別、別摸那裡...很癢......」 「可是哥這裡在發燙欸~」 輕咬了口對方的耳垂,讓李旻浩顫了顫,彷彿連呼吸都被奪走。 「我......我真的......」 話還沒說完,黃鉉辰一手扯下他鬆垮的外套,整個人幾乎半裸地躺在沙發上,衣襟散開、鎖骨精緻,臉頰紅潤得像剛熟的蜜桃。 黃鉉辰看得眼神都暗了。 「哥真的超不乖。」 「才、才不是......」 他伸手想推開對方,卻被反手按住手腕,整個人動彈不得。李旻浩猛地別過頭,「不要看......」 「為什麼?哥看起來很可愛啊。」 他忍不住啄了下對方鎖骨,留下淺淺紅痕,然後笑著看著李旻浩瞬間炸毛的反應。 「黃鉉辰你混帳......!」 「真是、哈...你知道自己現在是什麼表情嗎?」 漂亮的眼睛矇著一層水霧,纖長的睫毛輕顫,鼻頭因熱氣而微微出汗,透著淡淡的粉色,被親到紅腫的唇為了喘氣而張開,露出了可愛的兔牙。 「自己看看吧?」 李旻浩被按在梳妝台前的大鏡子上,整面玻璃泛著霧氣,模糊又曖昧地倒映出兩人的身影。 — 「不要再看了......你個、變態...」 李旻浩臉紅得快滴血,試圖側頭躲過自己在鏡子裡的樣子,卻被黃鉉辰一手摁住下巴,強迫他直視。 「怕什麼?哥現在這樣......很好看。 語氣輕快卻帶著壞心眼,那隻作怪的手從腰際一路向上滑,力道像是在撫摸,又像是在挑釁。 李旻浩吸了口氣,耳尖紅得發燙,視線在鏡子裡飄來飄去,卻還是不敢看黃鉉辰的眼睛。 「看著嘛~你現在全身都在發抖,是因為我吧?」 他語氣含笑,卻在李旻浩耳邊低聲補了一句, 「還是......因為你喜歡被我這樣按在鏡子前面弄?」 「黃鉉辰你...唔......」 — 嘴唇被咬住,吞進了所有反駁的氣音。鏡子裡,那個被吻得喘不過氣的自己,衣領早已鬆垮,眼尾泛紅,嘴角還帶著一點水光,整個人像是快融化在對方懷裡。 而身後那人,笑得像只壞狐狸,眼神燙得嚇人。 大掌從背後環過他纖細的腰,緩緩貼上腹部,動作極緩,卻撩得他忍不住戰慄。 「啊......等等、我、我不行...那裡......」 「哥的反應真的超誠實欸......」 黃鉉辰笑聲低沉,唇貼著他的脖頸,呼出的熱氣讓李旻浩整個人顫了一下。 「還說不行......這裡都這麼硬了。」 「黃、黃鉉辰......嗯......」 他已經說不出完整的句子了。全靠鏡子裡的畫面來提醒他現在的模樣多羞恥——凌亂的頭髮、半掀的襯衫、紅透的耳朵、還有那雙渴望又害怕的眼睛。 黃鉉辰在他耳邊輕聲說: 「今晚......哥只能看著鏡子裡的自己,一點都不准躲開,懂嗎?」 他被吻住,聲音吞進吻裡。 鏡子模糊了,身影交纏不清,但喘息與熱度卻清晰無比。 結束後李旻浩的襯衫已經皺的不成樣,扣子也不知去哪了,眼尾紅通通的,整個人像是被揉皺的紙團一樣虛軟。 黃鉉辰哼著歌,把他整個人抱進懷裡,還不忘低頭啄一下他鎖骨上的紅痕。 「去、洗澡啦......」李旻浩嗓音啞到不成樣,還是嘴硬地別開臉。 「好啊~那哥陪我一起洗吧。」 「......我、我自己可以——啊!」 他話還沒說完,就被黃鉉辰整個人橫抱起來,嚇得手一緊環上對方脖子,氣急敗壞地拍他的肩。 「你放我下來!」 「不行,哥腿都軟成這樣了,走得動嗎?」 「......黃鉉辰你這混蛋。」 浴室霧氣升騰的瞬間,李旻浩被輕輕放進花灑下,暖水灑落在發燙的肌膚上,一瞬間彷彿連剛剛的喘息聲都還回蕩在空氣裡。 黃鉉辰一邊幫他沖水一邊假裝無辜地說: 「哥身上好多痕跡哦,要洗乾淨才行,不然給成員看到就糟了。」 「你還敢說......!」 他氣呼呼地想走,卻被從背後一把攬住,額頭貼在他濕漉漉的肩上。 「哥......」 「又怎樣......」 「剛剛你叫我名字的樣子,好可愛喔。」 「你還說!」 (留言續)",/mnt/d/時間序列/ContextVecNet_Instagram_filtered_new/negative/knowmi_0.0/images/3735044029797216546_73207779627.jpg,0.3271195888519287,一致,無,無明顯影響,,是,
multimodal_false_positive_top10,multimodal_false_positive_top10,0,lam_word,0,0.908911426246945,0.8154766959896272,0.0934347302573177,FP,Medium,0.2706311964429915,2.300415277481079,0.3377087362054896,1,1.4859970808029177,0.3292227008133845,1,False,FP,False,64.0,0.0099373720929778,0.2710666805505752,0.2641415670514107,0.2776828706264496,0.2329002320766449,0.291394293308258,2.0,1.0,,少心一點 由愛 成爱 只需一次失戀 以後便會小心一點 再少心一點,/mnt/d/時間序列/ContextVecNet_Instagram_filtered_new/negative/lam_word/images/3743997795574603631_52523400069.jpg,0.2329002320766449,"五重起源論 從林地醒來吧 抹去生養我們的污泥 將其塑作言辭。 最後的樹已經染疫 我們從此之後,腳踏實地 從殼中醒來吧 臨行之時,我們拾起先祖的卵殼 那裏有着常世的過去 心與鱗出於介殼之中 我們繼承了一切遺產 於是出身班駁如同歷史 從光中醒來吧 我們的靈與魂,宿世流於光中 泥肉之軀只是醒時的中轉之地 光捎來天啓,以及啓蒙 理性自光而生 為我們識破一切鏡花水月 從虛空醒來吧 對鏡自看,是一隻擬態為人的蠕蟲 兩眸虛空,如被寄生的蟲蟻 攝食了父母,攝食了起源,攝食了真我 嘴角還有血跡未乾 順着表皮滑落,沿途烙出道道印記 獸印 我,該從何處醒來?",/mnt/d/時間序列/ContextVecNet_Instagram_filtered_new/negative/lam_word/images/3740849234431064255_52523400069.jpg,0.291394293308258,一致,無,無明顯影響,,否,
multimodal_false_positive_top10,multimodal_false_positive_top10,0,na.to.heart,0,0.8533114233528094,0.7757295375972421,0.0775818857555673,FP,Medium,0.2743877798784524,1.760812759399414,0.3377087362054896,1,1.2409511804580688,0.3292227008133845,1,False,FP,False,64.0,0.0196357182718991,0.2765078097581863,0.2581633105874061,0.2906958535313606,0.2236487865447998,0.3078213930130005,21.0,4.0,,"那些傻傻的追逐星光的時候 想起來仍然是十分璀璨的一段人生❤️ 十多年過去了 我和追星認識的好友一起開了顧問公司 從一起為他們奔跑到現在仍然是一起奔跑 一起創造了很多輝煌的時刻 想想大概就是因為 我們都是做什麼事情都全力以赴很認真的人 那些時光,沒有一刻是浪費的😳 - 出處: 約翰藍儂 跟抄: 手寫: -",/mnt/d/時間序列/ContextVecNet_Instagram_filtered_new/negative/na.to.heart/images/3819312157213806909_48753960352.jpg,0.2236487865447998,"好久好久,都已經快要忘了要做那朵🌸 - 出處: 手寫: -",/mnt/d/時間序列/ContextVecNet_Instagram_filtered_new/negative/na.to.heart/images/3796838605780940068_48753960352.jpg,0.3078213930130005,一致,無,干擾,,否,
multimodal_false_positive_top10,multimodal_false_positive_top10,1,elitesinsider,0,0.8092561941623321,0.8669668372152692,-0.0577106430529371,FP,High,0.2805764332879334,1.445184350013733,0.3226178336968301,1,1.8744022846221924,0.4870751093923089,1,False,FP,False,64.0,0.0181467537852254,0.2819496989250183,0.2704290971159935,0.2893500477075577,0.2396138459444046,0.3360371589660644,22.0,1.0,,"你遇到的是「麻煩」,還是被包裝起來的「機會」?🧩 👊 公司的問題,是你晉升的舞台 🤝 同事的問題,是人脈經營的入口 💼 客戶的問題,是成交的伏筆 🧠 自己的問題,是成長的起點 🔥 老闆的問題,是贏得信任的門票 🏆 對手的問題,是你進階的階梯 你在抱怨,還是在悄悄變強? 高手,從不怕問題,只怕沒問題!",/mnt/d/時間序列/ContextVecNet_Instagram_filtered_new/negative/elitesinsider/images/3626442264316175405_7009660250.jpg,0.2396138459444046,"💡你真正的財富,不只有錢包裡的現金! 你有三種“貨幣”:時間、金錢、知識。 缺錢?那就拿時間去學,用知識去賺。 缺知識?那就投資金錢與時間去習得。 缺時間?就用金錢買效率,用知識做選擇。 你怎麼運用這三種資源,就決定你的人生高度。 所以,你還在浪費哪一種?",/mnt/d/時間序列/ContextVecNet_Instagram_filtered_new/negative/elitesinsider/images/3629250731219458071_7009660250.jpg,0.3360371589660644,一致,無,無明顯影響,,是,
multimodal_false_positive_top10;largest_abs_delta_p_top20,multimodal_false_positive_top10;largest_abs_delta_p_top20,0,who.loved.by.jesus,0,0.8077420461116196,0.5153789693952825,0.2923630767163371,FP,High,0.281904013319449,1.4354047775268557,0.3377087362054896,1,0.0615352876484394,0.3292227008133845,1,False,FP,False,22.0,0.0288393896722073,0.2905149012804031,0.269794151186943,0.297684945166111,0.1835951656103134,0.3143098950386047,13.0,1.0,,"“Blessed are those who hunger and thirst for righteousness, for they shall be satisfied.(Matthew5:6 ESV)",/mnt/d/時間序列/ContextVecNet_Instagram_filtered_new/negative/who.loved.by.jesus/images/3663514336552903529_6848616982.jpg,0.1835951656103134,"「他寧可和上帝的百姓同受苦害,也不願暫時享受罪中之樂。」 希伯來書 11 : 25",/mnt/d/時間序列/ContextVecNet_Instagram_filtered_new/negative/who.loved.by.jesus/images/3799098941624221105_6848616982.jpg,0.3143098950386047,一致,無,干擾,,是,
multimodal_false_positive_top10,multimodal_false_positive_top10,1,truelove_goodtv.official,0,0.7561735994550223,0.7027692121857843,0.053404387269238,FP,High,0.2900143493898213,1.1318144798278809,0.3226178336968301,1,0.8605196475982666,0.4870751093923089,1,False,FP,False,64.0,0.0180573288332102,0.2904762327671051,0.2807402014732361,0.2983954846858978,0.2473232895135879,0.348526120185852,36.0,0.0,,"楊中生13歲加入幫派, 在街頭混跡,擔任組織軍師角色。 雖然荒廢學業,但默默自學電腦技術。 脫離幫派後憑藉這些知識創業,在業界闖出一片天。 一場颱風天的經歷讓他信主, 之後投入教會服事。 放下事業成為全職牧師, 帶領教會電腦化... 雖然醫生診斷他和太太都不孕, 但神卻賜給他們兩個女兒... 他帶著孩子參與海外宣教, 讓她們看見世界的需要。 如今擔任海外宣教牧師, 在福音相對貧瘠的地區服事。 他相信每個人都有價值, 願意成為幫助他人的明哲人, 讓生命因信仰而改變。 👇👇詳細完整的故事請搜尋👇👇 🔍Youtube、GOODTV+搜尋真情部落格《改變一生的決定》|ft.楊中生 🔎",/mnt/d/時間序列/ContextVecNet_Instagram_filtered_new/negative/truelove_goodtv.official/images/3726552573227812876_64250668314.jpg,0.2473232895135879,"一位年過95歲的美籍醫生, 當年懷著赴非洲宣教的夢想, 卻因一封來自福爾摩沙的信, 改變了人生方向。 譚維義醫師不但在台灣偏鄉行醫救人、傳揚福音, 幫助小兒麻痺患者重獲新生, 更創立了台東基督教醫院。 他巧妙改造農場擠奶器成為醫材設備、 為貧困病患募款、教導當地護理人員, 用愛與智慧克服各種挑戰, 無私奉獻33年歲月給臺灣。 這不僅是一段醫者仁心的見證, 更是一個用生命回應上帝呼召的感人故事。 👇👇詳細完整的故事請搜尋👇👇 🔍Youtube、GOODTV+搜尋真情部落格《後山天使》|ft. 譚維義🔎",/mnt/d/時間序列/ContextVecNet_Instagram_filtered_new/negative/truelove_goodtv.official/images/3640303977221683035_64250668314.jpg,0.348526120185852,一致,無,無明顯影響,,是,
multimodal_false_positive_top10,multimodal_false_positive_top10,4,ksitigarbha_dizangwang,0,0.7187582126011004,0.6530564627921109,0.0657017498089894,FP,Low,0.2401092457585036,0.9383102655410768,0.3484527497514231,1,0.6325015425682068,0.3165906383918283,1,False,FP,False,64.0,0.0242824440142775,0.2373213171958923,0.2258628197014331,0.2542366832494735,0.1648698449134826,0.3056461811065674,3.0,33.0,,"四聖諦@ 佛陀教導我們,苦的存在,必須理解;苦的來源,必須放下;苦的斷滅,必須證悟;滅苦的道,必須修行。 理解「苦」,不是僅僅漫不經心地接受苦的概念,而需要嚴肅認真的思惟。 這自然會引領我們去面對「集」:苦的根源。 只有真正認清它,才能放下苦的根源,此時「滅」才有意義。 通過修行,我們能培養正確的見解、禪修和行止,以斷滅自己的苦。 而踐行大乘教法之「道」,我們則能努力戰勝一切有情眾生之苦。 去修行,去培養正確的見、修、行,取決於每個人自己。 當如此做時,我們就是在清除遮蔽自己內在佛性的客塵。 出處🙏🏻阿曲祖古仁波切🌷",/mnt/d/時間序列/ContextVecNet_Instagram_filtered_new/negative/ksitigarbha_dizangwang/images/3872279777688994059_54329542329.jpg,0.1648698449134826,"འཛམ་གླིང་ཞི་བདེ་ཡོང་བར་སྨོན། 🌼🙏 愿世界和平! གལ་ཏེ་དད་སེམས་ཀྱི་ངང་ནས་སློབ་དཔོན་པད་འབྱུང་ལ་སེམས་གཅིག་གིས་ཨོཾ་ཨཱཿ ཧཱུྃ་བཛྲ་གུ་རུ་པདྨ་སིདྡྷི་ཧཱུྃ་ཞེས་གསོལ་འདེབས་བརྗོད་ན་བཀྲ་མི་ཤིས་པའི་སྔ་ལྟས་དང་རང་ལོ། དགྲ་འཁྲུགས། ལྟས་ངན། ན་ཚ། ཆག་སྒོ། ཉམས་ལེན་སོགས་ལ་བར་ཆད་མེད་པར་འགྱུར་ཞིང་བསམ་དོན་མྱུར་དུ་འགྲུབ་པར་འགྱུར་རོ།། 若虔诚祈祷莲花生大士,一心念诵莲师心咒“嗡啊吽班匝格热班玛色德吽”,可化解一切不祥,如本命年、争斗、恶兆、疾病、横祸等,修行无有任何障碍,迅速成就所愿。 དེས་ན་འཛམ་གླིང་ལ་ཞི་བདེ་ཡོང་ཆེད་དང་ཕྱོགས་སོ་སོ་ན་དགྲ་འཁྲུགས་སོགས་མྱུར་དུ་མེད་པའི་ཕྱིར་དུའམ། དེར་རྐྱེན་ལམ་དུ་སོང་བ། རྨས་སྐྱོན་ཕོག་པ་དག་ལ་བསྔོ་སྨོན་གྱི་ཚབ་ཏུ། འཕྲིན་འདི་མཐོང་མ་ཐག་རབ་ན་སིདྡྷི་ཚར་བརྒྱ་དང་བརྒྱད། མ་མཐའ་ཡང་ཚར་གསུམ་རེ་བཏོན་ཏེ་གཞན་ལ་བརྒྱུད་བསྐུར་བྱེད་རོགས། 所以看到此信,我邀请你念一百零八遍或三遍莲师心咒,为了世界和平,为了化解争斗,为了此战争中遇到灾难的众生,把此文传递下去,我们一起祈愿!回向!愿平安。 出處🙏🏻阿曲祖古仁波切🌷",/mnt/d/時間序列/ContextVecNet_Instagram_filtered_new/negative/ksitigarbha_dizangwang/images/3849566576374829213_54329542329.jpg,0.3056461811065674,一致,無,無明顯影響,,否,
multimodal_false_positive_top10,multimodal_false_positive_top10,4,kimi_hello,0,0.6926880809922434,0.7680569610888394,-0.0753688800965959,FP,Medium,0.2608691179193556,0.812716543674469,0.3484527497514231,1,1.1973720788955688,0.3165906383918283,1,False,FP,False,64.0,0.0301036501809076,0.2620688378810882,0.243192546069622,0.2763716652989387,0.1829021424055099,0.3293420672416687,11.0,14.0,,"一月份快樂🤍 走到現在才明白,幸福不是等來的 是自己一步一步走出來的 有夢想很好 更重要的是願意為自己做計畫 把想要的生活,慢慢走成現實 想要健康與幸福 就溫柔的堅持,認真的計畫",/mnt/d/時間序列/ContextVecNet_Instagram_filtered_new/negative/kimi_hello/images/3823532855046266042_35351342062.jpg,0.1829021424055099,"🌟存 20 年差 600 萬,關鍵就在這裡!🌟 不要再覺得 「時間早一點晚一點沒差」 「標的選什麼好像也差不多」 其實差很大! 你的選擇,早就默默決定了你未來站在哪個位置 我們來做一個很真實、很殘酷、但也很清楚的試算 假設條件都一樣: 👉 一開始 100 萬,投資 20 年,全部投入(all in) 📌 定存 年利率約 1.7% 20 年後的金額:約 1,400,938 元 努力存、很安心 但 20 年過去,幾乎只是「保住本金」 📌 存股 1(6%) 一樣 100 萬 20 年後的金額:約 3,207,135 元 沒有多做什麼 只是把錢放在「會幫你工作的地方」 結果,資產直接翻倍以上 📌 存股 2(6%)+每月再多存 1 萬 一樣的 100 萬起手 只是每個月多存 10,000 元 20 年後的金額:約 7,732,799 元 不是中樂透 不是神操作 只是 時間 + 選擇 + 一點點紀律 結果,人生直接換一個等級 🎯股市中 6% 的標的難找嗎? 其實不難 大家熟知的 0056、00878、00919 過去本來就多次出現過接近或超過 6% 的表現 (我有附上圖片) 沒有推薦,只是事實 🌟看到這裡 你還會覺得「好像沒差」嗎? 其實差的從來不是金額 真正重要的不是一次賺多少 ❤️而是: 你什麼時候開始 你選了什麼標的 你能不能撐得夠久 •┈┈┈┈┈┈୨୧┈┈┈┈┈┈• 我是一位靠股息退休的媽媽 希望用自己的經驗,讓你在存股路上少走彎路 一起找回生活的平衡與勇氣❤️ 87 #退休理財#存錢#00878 免責聲明: 本內容僅為個人觀點和經驗分享,不構成投資或財務建議。投資股票及借貸均存在風險,可能造成損失。投資者應自行承擔風險,謹慎考慮投資目標、風險承受能力和財務狀況,並聽取專業建議。我無法對你的損失負責。",/mnt/d/時間序列/ContextVecNet_Instagram_filtered_new/negative/kimi_hello/images/3824867298893716660_35351342062.jpg,0.3293420672416687,一致,無,幫助,,是,
multimodal_false_negative_top10,multimodal_false_negative_top10,0,pilikang,1,0.0612388388805221,0.0989518572598413,-0.0377130183793192,FN,Medium,0.2493996591917399,-2.7297794818878174,0.3377087362054896,0,-2.208925247192383,0.3292227008133845,0,False,FN,False,58.0,0.0275290974164376,0.246118776500225,0.2285146377980709,0.2731822356581688,0.2001790702342987,0.3215214610099792,4.0,25.0,,關於健康抽到的卡,/mnt/d/時間序列/ContextVecNet_Instagram_filtered_new/positive/pilikang/images/3842035504582196099_39061345.jpg,0.2001790702342987,6.7km,/mnt/d/時間序列/ContextVecNet_Instagram_filtered_new/positive/pilikang/images/3843257410019065480_39061345.jpg,0.3215214610099792,一致,無,無明顯影響,,否,
multimodal_false_negative_top10;low_similarity_top20,multimodal_false_negative_top10;low_similarity_top20,3,si_je_meurs,1,0.063907145610111,0.0412172493090652,0.0226898963010458,FN,Low,0.2266179825794899,-2.684283494949341,0.5230274241234272,0,-3.1468076705932617,0.4703367025185562,0,False,FN,False,59.0,0.0153536353115989,0.2237979918718338,0.2188377529382705,0.2294758930802345,0.1980204433202743,0.2782231867313385,0.0,53.0,,❤️ 💭,/mnt/d/時間序列/ContextVecNet_Instagram_filtered_new/positive/si_je_meurs/images/3738784396799993307_58620940899.jpg,0.1980204433202743,"我曾經成績很好的,彷彿就在昨日,可是怎麼一切變了? 他們說找到方向很好,可是我只是走不了其他路的無奈,我怎麼這麼無奈......。 你知道嗎?我曾經文科、生物都是女中1%,數學物理都考過前20%,曾經中女校排前100跟所有人比時......其他科都考1%要不是英文,我怎麼會只有前70幾名。 怎麼都爬到最高然後再重重摔下? 國中曾經常駐校排前10的,會考英文10分鐘寫完全對的。 怎麼變了樣,怎麼變了樣? 我的文字,又什麼時候變得這麼斷斷續續? 不是這樣的,曾經不是這樣的......。 怎麼這樣......。 如果不是思覺失調如果不是強迫症如果不是多重人格如果不是情緒障礙,我是不是能站得更高? 可是我明明曾經可以克服這一切,那個校排2的我,在哪......。 我......唉。 痕跡消失了,彷彿在嘲笑我的曇花一現。 是回憶潤飾還是昨日真的美好,我不知道。 醫生叫我跟祂溝通,我嘗試想跟祂說現在的生活很美好可是我連自己都說服不了。 怎麼這樣,我已經快要18歲了。 ❤️ 💭",/mnt/d/時間序列/ContextVecNet_Instagram_filtered_new/positive/si_je_meurs/images/3811600092395441042_58620940899.jpg,0.2782231867313385,一致,無,無明顯影響,,否,
multimodal_false_negative_top10,multimodal_false_negative_top10,3,depression_meem,1,0.0806283564147476,0.1042258355491941,-0.0235974791344465,FN,High,0.2910937301392825,-2.433840036392212,0.5230274241234272,0,-2.15112829208374,0.4703367025185562,0,False,FN,False,53.0,0.0287788615283602,0.297252207994461,0.2763679027557373,0.3115505278110504,0.2153489142656326,0.3420595526695251,33.0,3.0,,#meme,/mnt/d/時間序列/ContextVecNet_Instagram_filtered_new/positive/depression_meem/images/3105718715317486762_52085543777.jpg,0.2153489142656326,喔耶我就爛👍,/mnt/d/時間序列/ContextVecNet_Instagram_filtered_new/positive/depression_meem/images/2786523159942063908_52085543777.jpg,0.3420595526695251,部分一致,有,干擾,B,否,
multimodal_false_negative_top10,multimodal_false_negative_top10,4,yuwen0099,1,0.090975414039449,0.0779353439065833,0.0130400701328657,FN,Low,0.2470520802307874,-2.3017828464508057,0.3484527497514231,0,-2.470735788345337,0.3165906383918283,0,False,FN,False,64.0,0.019398559442951,0.2466839849948883,0.2346511408686638,0.2594804391264915,0.2032870501279831,0.2891063094139099,1.0,24.0,,在細碎的生活里 找到溫柔和憧憬,/mnt/d/時間序列/ContextVecNet_Instagram_filtered_new/positive/yuwen0099/images/3758154245247048668_56029528003.jpg,0.2032870501279831,不小心把溫柔泡太久 變得有點撩人了😆,/mnt/d/時間序列/ContextVecNet_Instagram_filtered_new/positive/yuwen0099/images/3863998652218542415_56029528003.jpg,0.2891063094139099,一致,無,無明顯影響,,是,
multimodal_false_negative_top10;low_similarity_top20,multimodal_false_negative_top10;low_similarity_top20,3,m_m12150605,1,0.0915018417839109,0.1005794668296586,-0.0090776250457477,FN,Low,0.2237054710276425,-2.295433759689331,0.5230274241234272,0,-2.190802574157715,0.4703367025185562,0,False,FN,False,64.0,0.026569404784065,0.2220970168709755,0.2023777328431606,0.2393245995044708,0.174981489777565,0.3039923310279846,1.0,49.0,,「時針」 *各位新年快樂 *小的實在畫不出賀圖 *所以拿顏色比較喜慶的圖混更(? *((紅色很喜慶吧(((👍😆😳 *出場OC:江曼琳,/mnt/d/時間序列/ContextVecNet_Instagram_filtered_new/positive/m_m12150605/images/3834139809611420221_60332717080.jpg,0.174981489777565,———————————— ———————— 「dream」表格 ———————— *如題 *就是表格 —————— *p1表格完成圖 *p2~p6單格純享 *單格部份因為被裁到了所以會再發上限動放精選 *p7草稿 *p8白單 ————————— *出場OC:許晚歌、江曼琳、瑪格麗特(江願歡) ————————————,/mnt/d/時間序列/ContextVecNet_Instagram_filtered_new/positive/m_m12150605/images/3857235467578799803_60332717080.jpg,0.3039923310279846,一致,不明確,無明顯影響,,否,
multimodal_false_negative_top10;low_similarity_top20,multimodal_false_negative_top10;low_similarity_top20,3,saya_wolf0309,1,0.1290136979734483,0.0939977932910955,0.0350159046823528,FN,Low,0.2280749706551432,-1.9097076654434204,0.5230274241234272,0,-2.265770435333252,0.4703367025185562,0,False,FN,False,64.0,0.0434495687143837,0.2218946292996406,0.1996682398021221,0.254376009106636,0.1588467061519622,0.3840847611427307,6.0,44.0,,【塗鴉】 我喜歡打擊 拳擊 感覺可以把一切不開心的事都打散掉😁 嘗試畫不一樣風格XD,/mnt/d/時間序列/ContextVecNet_Instagram_filtered_new/positive/saya_wolf0309/images/3617124314031051107_1510869647.jpg,0.1588467061519622,【隨畫】 Missing Furry,/mnt/d/時間序列/ContextVecNet_Instagram_filtered_new/positive/saya_wolf0309/images/3692315941636386515_1510869647.jpg,0.3840847611427307,一致,無,無明顯影響,,是,
multimodal_false_negative_top10;low_similarity_top20,multimodal_false_negative_top10;low_similarity_top20,1,trojan_li,1,0.1301046993092777,0.2089137309228748,-0.078809031613597,FN,Low,0.2286637957606996,-1.9000333547592163,0.3226178336968301,0,-1.331485629081726,0.4870751093923089,0,False,FN,False,63.0,0.0302260304520665,0.2268703728914261,0.2050065547227859,0.2436369359493255,0.1712531745433807,0.3278697729110718,1.0,43.0,,明明是白天拍的 硬要搞得跟有月光一樣😂 —————————,/mnt/d/時間序列/ContextVecNet_Instagram_filtered_new/positive/trojan_li/images/3830846448091691074_44838973285.jpg,0.1712531745433807,蛇蛇不是壞人🐍 Snakes aren’t the bad guys. —————————,/mnt/d/時間序列/ContextVecNet_Instagram_filtered_new/positive/trojan_li/images/3778641501300625877_44838973285.jpg,0.3278697729110718,一致,無,干擾,,是,
multimodal_false_negative_top10;low_similarity_top20,multimodal_false_negative_top10;low_similarity_top20,4,fenkychen0827,1,0.1316937181451784,0.093195793541958,0.0384979246032204,FN,Low,0.2314779059961438,-1.8860656023025515,0.3484527497514231,0,-2.275223970413208,0.3165906383918283,0,False,FN,False,64.0,0.0270449331907528,0.2291419059038162,0.212541677057743,0.2481938488781452,0.1597055941820144,0.3006249964237213,1.0,39.0,,真的是人在屋簷下 不得不低頭 #kaohsiung#撮影#撮影モデル#被写体被写体募集中写真写真好き写真好きな人と繋がりたい写真撮影日常月曜日台湾高雄風景風景写真風景写真を撮るのが好きな人と繋がりたい自撮り穿搭日常穿搭日記手機攝影手機拍攝手機拍攝,/mnt/d/時間序列/ContextVecNet_Instagram_filtered_new/positive/fenkychen0827/images/3808341901280129823_1230005219.jpg,0.1597055941820144,陽光總會照耀在所有人的身上 所以其實也不需要太過於緊張 #kaohsiung#撮影#撮影モデル#被写体#被写体募集中#写真#写真好き#写真好きな人と繋がりたい#写真撮影#日常#木曜日#台湾#高雄#風景#風景写真#風景写真を撮るのが好きな人と繋がりたい#自撮り#穿搭日常#穿搭日記#手機攝影#手機拍攝#手機拍攝,/mnt/d/時間序列/ContextVecNet_Instagram_filtered_new/positive/fenkychen0827/images/3774452532530189376_1230005219.jpg,0.3006249964237213,一致,無,無明顯影響,,否,
multimodal_false_negative_top10,multimodal_false_negative_top10,4,c.chienc,1,0.1376486414609869,0.0832313404742535,0.0544173009867334,FN,Medium,0.2759314989671111,-1.83495843410492,0.3484527497514231,0,-2.399231195449829,0.3165906383918283,0,False,FN,False,64.0,0.0395619240604849,0.2841541916131973,0.2516159415245056,0.3042179346084595,0.1815757602453231,0.3358100056648254,30.0,14.0,,😼🖤⚠️💭,/mnt/d/時間序列/ContextVecNet_Instagram_filtered_new/positive/c.chienc/images/3853221771508042252_1473274919.jpg,0.1815757602453231,"💀 今天的福爾摩謙寶藏箱主題是 Jack Daniel’s 傑克丹尼 精選單桶田納西威士忌禮盒 在COSTCO買了傑克丹尼的禮盒,剛好一起過聖誕節!黑色的禮盒非常有質感,拿著就超級酷,愛威士忌的你們,一定要擁有 😾理性飲酒 | 禁止酒駕 | 未滿十八歲請勿飲酒 裡面有傑克丹尼傑克丹尼精選單桶田納西威士忌700ml,還有可愛的!!!!霧黑硬殼迷你行李箱,它的容量很大,我覺得當娃包跟化妝包都很適合。還有附上四瓶迷你小酒,超級驚喜,擺在一起也太可愛了吧 打開時就已香氣四溢,有烤橡木和淡淡的水果香,跟濃郁焦糖味,喜歡純飲的我真的很推薦 迷你小酒可以隨時自己調來喝,調起來很方便。加入最近喜歡的玉米鬚茶以及蜂蜜,又是另一種風味,那快樂乾杯吧 這個聖誕大禮包真的超帥!傑克丹尼單桶、小酒四瓶、霧黑硬殼迷你行李箱,加上有質感的外盒,超級豐富~ 對了,記得12/01開始還有隱藏優惠哦!",/mnt/d/時間序列/ContextVecNet_Instagram_filtered_new/positive/c.chienc/images/3781521567570829199_1473274919.jpg,0.3358100056648254,一致,無,無明顯影響,,是,
multimodal_false_negative_top10,multimodal_false_negative_top10,1,suzannebirds,1,0.1396825872602134,0.1450626046810482,-0.0053800174208347,FN,Medium,0.2525819694454019,-1.8179287910461424,0.3226178336968301,0,-1.7738628387451172,0.4870751093923089,0,False,FN,False,55.0,0.0308471587530456,0.2542189657688141,0.2340449690818786,0.2680069208145141,0.1802865117788314,0.3614741563796997,6.0,19.0,,來看飛飛慢動作吃菜菜~,/mnt/d/時間序列/ContextVecNet_Instagram_filtered_new/positive/suzannebirds/images/3885665337967104861_16025278656.jpg,0.1802865117788314,飛飛回家了😘💗🦃,/mnt/d/時間序列/ContextVecNet_Instagram_filtered_new/positive/suzannebirds/images/3891601731210122758_16025278656.jpg,0.3614741563796997,一致,無,無明顯影響,,是,
low_similarity_top20,low_similarity_top20,0,dep_tattoos,0,0.658820926033377,0.7478178448308022,-0.0889969187974251,FP,Low,0.2094817226752638,0.6580442786216736,0.3377087362054896,1,1.087007761001587,0.3292227008133845,1,False,FP,False,64.0,0.0210319487215876,0.2094992101192474,0.1967313252389431,0.2203855291008949,0.1607375741004943,0.2929516136646271,1.0,61.0,,🖤認領圖 我一直笑... 假的! 夜裡全碎了 笑被踩進泥裡 我哭到沒聲音 好想跟它一起消失 I kept smiling. Fake. At night it all shattered. The smile was crushed into the dirt. I cried until no sound was left. I just want to disappear with it.,/mnt/d/時間序列/ContextVecNet_Instagram_filtered_new/negative/dep_tattoos/images/3694415952181368500_40970743337.jpg,0.1607375741004943,台中紋身藝術節 Flash & booking open 2025/11/07-11/09 這次我會參加台中刺青展 除了現場刺青預約開放外 現場還有精心準備的小周邊 歡迎大家來找我玩🥳 預約請在主頁加line ☝🏼☝🏼☝🏼,/mnt/d/時間序列/ContextVecNet_Instagram_filtered_new/negative/dep_tattoos/images/3743366645508455790_40970743337.jpg,0.2929516136646271,一致,無,幫助,,是,
low_similarity_top20;largest_abs_delta_p_top20,low_similarity_top20;largest_abs_delta_p_top20,3,zoezoeliao,1,0.1834907436154494,0.3231967214034176,-0.1397059777879682,FN,Low,0.2165472314227372,-1.492874026298523,0.5230274241234272,0,-0.7391194701194763,0.4703367025185562,0,False,FN,False,64.0,0.0172861138707419,0.2157256081700325,0.2049249038100242,0.2294109389185905,0.1829841434955597,0.2501214444637298,0.0,56.0,,逃出牢籠後要往哪邊走呢?,/mnt/d/時間序列/ContextVecNet_Instagram_filtered_new/positive/zoezoeliao/images/3801320371589884096_70119257256.jpg,0.1829841434955597,穿山王擬人,/mnt/d/時間序列/ContextVecNet_Instagram_filtered_new/positive/zoezoeliao/images/3692056236465706935_70119257256.jpg,0.2501214444637298,一致,有,干擾,,否,
low_similarity_top20,low_similarity_top20,4,lostmyjobat30yo,1,0.8326380182607357,0.8587637157111041,-0.0261256974503684,TP,Low,0.2188464492559433,1.6044399738311768,0.3484527497514231,1,1.805059552192688,0.3165906383918283,1,True,TP,True,25.0,0.0313880222288711,0.2235907018184662,0.2017434686422348,0.2435593903064727,0.1556434482336044,0.2757825851440429,0.0,18.0,,"Day 9 消失的紅雨 🌧️🚫 琴晚睇Thread 話AI 預報話今日會大雨到「紅雨」,我連水鞋都準備好,諗住可以見證維港變威尼斯,順便可以理直氣壯咁喺屋企繼續大覺瞓。 點知今朝一開窗,唔好話紅雨,直情連黃雨都見唔到。個太陽曬到好似想同我隻水鞋道歉咁,曬到我差啲要攞返支防曬出嚟。",/mnt/d/時間序列/ContextVecNet_Instagram_filtered_new/positive/lostmyjobat30yo/images/3896976103223093690_23387406059.jpg,0.1556434482336044,"失業 Day 11 失業財政危機:一個價值 $22 嘅人生抉擇 🥧💸 以前返工嗰陣,二十幾蚊買個下午茶,直行直過八達通「嘟」一聲就走,雙眼連眨都唔會眨吓。 今日行過麵包舖,見到朱古力酥皮蛋撻,標價 $22。喺無收入嘅狀態下,我竟然企咗喺門口足足掙扎咗三分鐘。 內心小劇場 A: 「二十二蚊?夠我買兩包公仔麵加多粒蛋煮兩餐啦......」 內心小劇場 B: 「但你而家好需要多巴胺喎!」 最後,我決定聽小劇場 B 講。雖然戶口冇進帳,但如果連食嚿甜嘢嘅快樂都剝奪埋,人生仲有咩意義? 結果?真係一啖驚艷! 咬落去層酥皮鬆脆到「咔嚓」一聲,濃郁嘅朱古力流心加埋滑溜嘅蛋香,簡直將治癒感拉滿。嗰一刻我覺得,呢個唔只係一個蛋撻,而係我對生活最後嘅尊嚴。 錢可以之後再搵,但買到快樂嘅當下係無價嘅。今日呢 $22,值回票價!",/mnt/d/時間序列/ContextVecNet_Instagram_filtered_new/positive/lostmyjobat30yo/images/3898487458090511590_23387406059.jpg,0.2757825851440429,一致,無,無明顯影響,,否,
low_similarity_top20,low_similarity_top20,4,hamoda.hassan.9,0,0.0826493910608556,0.0440760034001664,0.0385733876606892,TN,Low,0.2198723589486264,-2.4068822860717773,0.3484527497514231,0,-3.0767629146575928,0.3165906383918283,0,True,TN,True,47.0,0.0322216682410655,0.2172492146492004,0.202053040266037,0.2276376709342003,0.1643647700548172,0.3174456059932709,3.0,39.0,,聖誕節快樂 🎄🎅🎁⛄️❄️,/mnt/d/時間序列/ContextVecNet_Instagram_filtered_new/negative/hamoda.hassan.9/images/3797408182885172421_7125355262.jpg,0.1643647700548172,"Now in orange island, Hurghada, Red Sea , 在橙子島上拍的照片,赫兒格迖,紅海",/mnt/d/時間序列/ContextVecNet_Instagram_filtered_new/negative/hamoda.hassan.9/images/3413377922884499472_7125355262.jpg,0.3174456059932709,一致,無,無明顯影響,,是,
low_similarity_top20,low_similarity_top20,1,sh_tree_,0,0.2586776252142139,0.1695028551008537,0.0891747701133602,TN,Low,0.2232485125924265,-1.052852988243103,0.3226178336968301,0,-1.5891547203063965,0.4870751093923089,0,True,TN,True,43.0,0.0207675427883896,0.2198574841022491,0.2096930667757988,0.2360716313123703,0.1813621073961258,0.2839514911174774,0.0,34.0,,童年回憶🌕 小時候 某次做夢時夢見自己獨自一直向前走 突然出現了隻大虎鯨很緩慢的游在我身邊 我手上拿著月亮照亮前方 感覺很安心 #插畫,/mnt/d/時間序列/ContextVecNet_Instagram_filtered_new/negative/sh_tree_/images/2786549957887098697_51820709046.jpg,0.1813621073961258,moon hug. #月亮 #簡約,/mnt/d/時間序列/ContextVecNet_Instagram_filtered_new/negative/sh_tree_/images/2872572423230606502_51820709046.jpg,0.2839514911174774,一致,無,干擾,,否,
low_similarity_top20,low_similarity_top20,2,ineichashitsu,1,0.8898350622640695,0.8303112278403718,0.0595238344236976,TP,Low,0.2238974494393915,2.089057445526123,0.1330126093082226,1,1.5878345966339111,0.2395427346368431,1,True,TP,True,64.0,0.0212951956526249,0.2224071770906448,0.2125266157090664,0.236563142389059,0.1792240738868713,0.2686785757541656,0.0,50.0,,"服毒 4:26a.m. 失眠。 「三省吾身」的最佳時分。 但不是說過不要相信凌晨的自己這樣的話嗎?有這麼一個意象常常在戲劇、漫畫或是小說中出現: 有個人,通常是「我」,在千人一面的灰色人潮裡,在行進中的律動之中,與世界感到疏離的「我」無意識地與人隔開,靜止在地上抱膝。一盞白色或是奶黃色的舞臺燈照射在我身上。這景象好淒美哦:它在訴說,世界上除了「我」,別人都是沒有思想的、灰暗的、無聊的,只有「我」獨一無二,因為舞臺燈只會射給配得上的人啊。呵呵呵。 我想到,有思想的人,反省就成為一種體內自我製造的毒藥,它的毒性卻只對製毒者有效。因此我──沒有括號的這個我,狡猾地將調校舞臺射燈的角度,往身邊行進的人們射去。 當舞臺射燈射在周圍的人身上,那個以獨一無二自居的我,竟也發現別人的特點,讓我反省──再一次服毒──凌晨除了可以反省自己,也可以代他人反省。 那麼,當舞臺燈射在別人上,那些我或深或淺認識的人,有的有過對話,有的只知道他是誰卻不知道甚麼名字的人。他們的故事太豐富了,就像文學與電影,獨一無二的劇本。我發現了甚麼?原來我身邊有這些人──不同的人: .自殘、自殺、跳樓,源於情緒病、抑鬱症。有死、傷殘,亦有沒有事發生的。 .結婚的人有婚外情、沒有結婚的人有外遇。 .非禮、性侵犯,被送上法庭。 .吸毒。 .放火,沒有死傷,但他坐牢了。 我實在驚訝,驚訝著像我這樣一個內向與不善交友的人,竟然能認識與目擊這麼多特別的人。我懷疑,當文學看得多了,身邊的人就會變得跟小說一樣,成為不平凡的人,或者從小說中跳出來在我面前演出一樣,娛樂我,被我目睹,就像我去閱讀一樣。 在黑暗的深夜閱讀一本書,燈光自然要往書上照。看到那群人,我不禁想到,自以為善類的自己,像是忘記了物以類聚的道理,因此我開始又重新懷疑、反省自己──又服毒。 舞臺燈熄滅了。我不跟隨行進的人潮往前走。睡覺。 __ 圖•文 写真•文 __",/mnt/d/時間序列/ContextVecNet_Instagram_filtered_new/positive/ineichashitsu/images/3718532789848456885_37601116967.jpg,0.1792240738868713,"現代伊勢物語‧十二 他們爬到神倉神社的最高處。此前攀爬過數百級巖巉的石階,高低差頗大,不少因青苔而濕滑。最高處是一顆碩大無朋的石,被注連繩圍著,因此那是被供奉的神體本身。 他的身體總是欠佳,她卻執意要攀上去。於是,他又執意要與欠佳的身體搏鬥,竟不到一會,就到達目的地。 由於甚麼都是石,這讓人感到這是石的神社,他心頭突然冒出一堆與石有關的詞語,例如:石頭、石像、石灰、石塊、石器時代,等等。接著腦袋逼他把它們串連成一首詩,成為: いしあたま(攀登高石階) かみくらじんじゃ(在神倉神社之巔) いただきに(有固執的人) 因為石頭,他的詩如石一般硬,想著想著,不僅雙腿,連頭腦也硬起來。 至於她呢?她為甚麼把他呼喚上來,中間有名為「女坂」的山道,讓不願攀石階的人走捷徑,但她認為攀石階比較誠心,所以就要他一起爬了。她不僅鐵石心腸起來,也是「いしあたま」(不懂變通的人)。 「啊!看到城市和大海。真舒服。」 咦,這句話是誰說的?",/mnt/d/時間序列/ContextVecNet_Instagram_filtered_new/positive/ineichashitsu/images/3314118753792156941_37601116967.jpg,0.2686785757541656,部分一致,無,無明顯影響,,否,
low_similarity_top20,low_similarity_top20,3,zongyi0929,0,0.0578185191312036,0.0774196644852089,-0.0196011453540052,TN,Low,0.2242923669639181,-2.790888786315918,0.5230274241234272,0,-2.477933645248413,0.4703367025185562,0,True,TN,True,61.0,0.0325991533593641,0.2245490252971649,0.1985330730676651,0.2464448064565658,0.1262195706367492,0.293601393699646,2.0,42.0,,背day 😌,/mnt/d/時間序列/ContextVecNet_Instagram_filtered_new/negative/zongyi0929/images/3346443738829186948_3043556977.jpg,0.1262195706367492,"關於放鬆 因為我個人身體容易緊繃,也因為工作通常都是單邊轉動或發力,所以在訓練前必須讓身體回到「正確位置」不然沒效果可能還容易受傷。 在身體處於不穩定或者不在正確位置的時候,無論是行程、張力、角度....都會受影響。 但是不必在訓練前作全身性的放鬆,而是針對今天所訓練的目標肌群、輔助肌群、拮抗肌、穩定肌群去做檢討。 例如:練胸 胸大肌(目標肌群)會不會太緊 三頭肌(輔助肌群)會不會刺痛 肩胛骨是否能正常移動等等..... 當然,有些人天生不易緊繃,活動度也非常棒,甚至從來不放鬆也有相當好的訓練成效,那就是個體差異了。 最後,放鬆沒有絕對的好與壞,它是一種手段,不是一種結果,任何方式都可以多方嘗試,但是想要身材好不要鐵齒,因為我曾經是那個鐵齒的人。😅😅 💪🏻💪🏻",/mnt/d/時間序列/ContextVecNet_Instagram_filtered_new/negative/zongyi0929/images/3347226342041940265_3043556977.jpg,0.293601393699646,一致,無,無明顯影響,,是,
low_similarity_top20,low_similarity_top20,4,i_can_do_it_9502,1,0.9548661345317832,0.9821380745758094,-0.0272719400440262,TP,Low,0.224329168209806,3.05193829536438,0.3484527497514231,1,4.007060527801514,0.3165906383918283,1,True,TP,True,64.0,0.0223955521289118,0.2256713360548019,0.2123748920857906,0.242833100259304,0.1696721911430359,0.2604762315750122,0.0,47.0,,-低語- 𓈒 𓂂𓏸 還是很難過嗎 會生病不是你的問題 把那些刺耳的 批判 質疑 和藥全部都泡進伏特加裡 一起調一杯充滿月光的酒 在暴雨中微醺著入眠 還是很難過的話就哭吧 有時候尿褲子也沒事的 把袖子捲起來 曬一些太陽 讓血清素跟著心跳微微上升 哭吧 我會抱著你 生病不是一件很羞恥的事情 你要相信 在破碎中長大的你 一定也很耀眼 🏷️,/mnt/d/時間序列/ContextVecNet_Instagram_filtered_new/positive/i_can_do_it_9502/images/3276875140650603236_44058188782.jpg,0.1696721911430359,"𖥧⌂* 好久不見,毫無疑問的依然很糟糕,但是我還活著,可能是件壞事吧。 我不想再去思考一些華麗的辭藻來讓自己的文章看起來更接近我內心的完美,或者是絞盡腦汁逼迫自己的記憶力跟以前一樣好,帶著微笑假裝什麼事都沒有發生一樣。 好像所有的一切都回不去原本的樣子了,原本以為會一直在身邊的人一個一個走了,相信很多人說「會好起來的。」這句話時的希望也被自己搞砸的一塌糊塗。 我已經很久沒有傷害自己了,在日復一日的監視下,說不想也只是變成了謊話,藥還在慢慢的增加,他當初答應醫生的話也沒有做到。 我真的真的很累,連想死都很累。",/mnt/d/時間序列/ContextVecNet_Instagram_filtered_new/positive/i_can_do_it_9502/images/3171585865713962660_44058188782.jpg,0.2604762315750122,一致,不明確,無明顯影響,,否,
low_similarity_top20,low_similarity_top20,2,ooodovobooo,0,0.1205621099625059,0.0947658371079519,0.0257962728545539,TN,Low,0.2261514186859131,-1.987117886543274,0.1330126093082226,0,-2.256784677505493,0.2395427346368431,0,True,TN,True,30.0,0.0374496816773042,0.2281490713357925,0.1926708146929741,0.2496786117553711,0.1636498719453811,0.3164540529251098,2.0,21.0,,"- 台南。黑膠漢堡 - 📍 西門路一段689巷19號右側, 南區台南市702 📍11:30-15:00/17:30-22:00 📍公休:二 📍I G : - 雙層滑板牛肉堡-$195 雙層培根雞腿堡-$205 年輕人脆薯-$90 - 藍曬圖給我的感覺, 很像一個小城鎮的市集, 裡面有一些文創產品, 逛完一圈肯定餓了吧! 可以去吃美式黑膠漢堡, 我自己喜歡雙層滑板牛肉堡, 花生醬讓人想吃三百顆漢堡, 不吃牛的人可以考慮雙層培根雞腿堡 有一個烤肉的味道,非常的幸福。 - #台南黑膠漢堡 #台南市 #台南旅遊 #台南漢堡 #台南藍曬圖 #台南西門路 #中西區美食 #美食#旅行#好吃 -",/mnt/d/時間序列/ContextVecNet_Instagram_filtered_new/negative/ooodovobooo/images/3292381331844916762_58398416484.jpg,0.1636498719453811,"- 台南。Musa thai Cuisine 泰國料理 - 📍台南市中西區友愛街14號 📍11:00-15:00/17:00-21:00 📍公休:一二 📍I G : - 泰式辣炒牛肉-$298 黃咖哩炒軟殼蟹-$380 摩摩渣渣-$70 泰式奶茶-$75 - 椅子、桌子、燈具.. 整間氛圍都好泰式。 辣炒牛肉,稍微辣, 牛香不錯,調味也好。 摩摩渣渣有椰奶香, 還有菠蘿蜜。 - #台南市 #台南旅遊 #台南小吃 #台南泰式料理 #台南友愛街 #炒牛肉 #中西區美食 #旅行#好吃 -",/mnt/d/時間序列/ContextVecNet_Instagram_filtered_new/negative/ooodovobooo/images/3310476606048238853_58398416484.jpg,0.3164540529251098,一致,無,無明顯影響,,否,
low_similarity_top20,low_similarity_top20,0,914_planet,0,0.190372763860885,0.1538514376850778,0.0365213261758071,TN,Low,0.2277444217067498,-1.447589874267578,0.3377087362054896,0,-1.7047075033187866,0.3292227008133845,0,True,TN,True,26.0,0.0356178137133164,0.211616925895214,0.2070325873792171,0.2200610563158989,0.1969193667173385,0.3090787529945373,2.0,20.0,,- -,/mnt/d/時間序列/ContextVecNet_Instagram_filtered_new/negative/914_planet/images/2619774775011542177_10437947455.jpg,0.1969193667173385,"特別,喜歡。 - -",/mnt/d/時間序列/ContextVecNet_Instagram_filtered_new/negative/914_planet/images/3046846932829476063_10437947455.jpg,0.3090787529945373,部分一致,有,無明顯影響, D,否,
low_similarity_top20,low_similarity_top20,3,zang_photo,0,0.1340674655905352,0.1881273138120359,-0.0540598482215007,TN,Low,0.2278213004271189,-1.8654638528823853,0.5230274241234272,0,-1.4622246026992798,0.4703367025185562,0,True,TN,True,18.0,0.0237765317225044,0.225889004766941,0.215999074280262,0.2434004098176956,0.1777979433536529,0.2665665447711944,0.0,13.0,,"《掙扎》 不斷的掙扎,直到得到救贖..... 📷:Sony A74 🔭:SEL2470",/mnt/d/時間序列/ContextVecNet_Instagram_filtered_new/negative/zang_photo/images/3156669696811336262_45777028966.jpg,0.1777979433536529,該死的裁切右滑看原圖 📷:Sony A74 🔭:SEL2470 MD:,/mnt/d/時間序列/ContextVecNet_Instagram_filtered_new/negative/zang_photo/images/2913139097361375045_45777028966.jpg,0.2665665447711944,一致,無,無明顯影響,,否,
low_similarity_top20,low_similarity_top20,2,w.wy__,1,0.7479263912541091,0.7270858312979858,0.0208405599561233,TP,Low,0.2287760097533464,1.0875834226608276,0.1330126093082226,1,0.9798871874809264,0.2395427346368431,1,True,TP,True,64.0,0.0223838752941755,0.2266087383031845,0.2114500477910041,0.245627012103796,0.1846376657485962,0.2867032289505005,0.0,44.0,,". 🌦️ 剛好想說些什麼,就收到朋朋傳來的底片,真的是時光膠囊,黑白中卻釀了很多寶藏和色彩,那已經是去年東漂的溽夏和回來住院前的初秋。 一路踏踏實實又扎扎穩穩也起起伏伏的過到了現在。 近期的生活如圖一,爬上一座小山,很喘但登頂的風景和視野很美、沿途也很值得,是汗水和爆笑的;而所經歷的內心旅程也如圖二,妙不可言。 像春天的天氣也像林口的交通吧,令人捉摸不定,但隨時讓自己身心靈都當下安在。 下雨很浪漫、晴天很燦爛。 有時快了些,但還不著急;有時緩了點,慢也沒關係。 養成一些新的習慣、跨越過去的障礙,而身體勞動反而氣血活了過來、隨之靈感也到來。 仍然喜歡一個人獨處,卻也多了享受互相陪伴,以及承擔。 看見更多自己不同面貌,可甜可鹽(也可辣?) 但終究別忘了,照顧好自己就是對所愛最大的幫助。 / 下面想放一些碎片札記⋯ / 不要再把愛你的人推開 這世界沒有這麼壞 . 常常也很想躲起來 但其實又希望被找到 但又還不太想說話 不知道有沒有像罩住阿目的頭盔一樣 另一種層面上的無法表達 . 生病到無藥可救後 開始嘗試很多輔助療法 ( 包含身心靈甚至邪門歪道都有 ) 慢慢累積後真的會三折肱成良醫 . 以前摸索出的生活原則 睡覺治百病 起床要人命 現在領悟出工作的道理 不求表現被看見 只求問心無愧 或是偷懶沒被發現 . 覺察到累或卡的時候 停下來梳理情緒是很重要的 風會一直吹 情緒會來也會走 . 我以為我可以沒關係不在意 我以為在這段關係裡 我已經拿出最大的勇氣做了最深的決定 我以為我可以放手讓你去 我以為我可以接受自己的無能為力 我以為有信心不會再受委屈 我以為我承受得起 我以為不會鬧脾氣不會有太多情緒 並沒有 我忘了自己也還有太多課題需要修行 但至少現在有你陪我一起練習 . 「要先耐得住暗房的黑暗 才能洗出作品和生命」 「你身上有好多寶藏 要記得往內看」 「因為他相信妳有這個潛力」 「我也覺得不需要給你什麼鼓勵 因為你本身就很有能量了 只需要在很混亂的時候陪你一起梳理一下」 「很開心參與你這個階段 好感動」 「你內在是有智慧的」 「你每次經驗都很認真的去看 也都好好認真生活」 . 「現在的你整體情緒都有拉上來也穩定很多 也分得出來是什麼歸因 不會都覺得又是自己的問題 或是覺得治療無效之類的 也看你這麼久了 終於有想認真進入關係 但對方的病況可能會辛苦一點 你要有心理準備 謝謝你陪我練習這麼多 你也要好好謝謝自己啊 這麼多年了不容易」 .",/mnt/d/時間序列/ContextVecNet_Instagram_filtered_new/positive/w.wy__/images/3621537961038798581_333616086.jpg,0.1846376657485962,. 🥳😝🥺🐦 🔥🎂💝 女人二八一朵花 活到現在能安穩過生日已經很滿足 也很深刻體認到 一個人能給的最珍貴的禮物是時間 .,/mnt/d/時間序列/ContextVecNet_Instagram_filtered_new/positive/w.wy__/images/3646136554848453759_333616086.jpg,0.2867032289505005,一致,無,無明顯影響,,是,
low_similarity_top20,low_similarity_top20,1,a_three_people,0,0.1323092991372745,0.1013153995810299,0.0309938995562445,TN,Low,0.2312884209677577,-1.880692958831787,0.3226178336968301,0,-2.182693719863892,0.4870751093923089,0,True,TN,True,64.0,0.0246088113544696,0.2256297990679741,0.2149008065462112,0.2395183593034744,0.1938931345939636,0.3069010078907013,2.0,49.0,,偶素小本丸~ 本丸小公主 脾氣不好 孤僻 目前年齡尚小 聽不懂人話...,/mnt/d/時間序列/ContextVecNet_Instagram_filtered_new/negative/a_three_people/images/3021197651657615420_6084537946.jpg,0.1938931345939636,- 我在鬧 你在笑 - 🐹,/mnt/d/時間序列/ContextVecNet_Instagram_filtered_new/negative/a_three_people/images/3318944666652772033_6084537946.jpg,0.3069010078907013,一致,無,無明顯影響,,否,
low_similarity_top20,low_similarity_top20,4,althealan_and_painting,1,0.3931981070487518,0.27937770783573,0.1138203992130217,TP,Low,0.2313687773421406,-0.4338887929916382,0.3484527497514231,1,-0.9475504755973816,0.3165906383918283,0,False,FN,True,64.0,0.0217811469884213,0.226774200797081,0.2162405103445053,0.2458041533827781,0.1878025233745575,0.2866370677947998,0.0,44.0,,Garden of Eden 伊甸園,/mnt/d/時間序列/ContextVecNet_Instagram_filtered_new/positive/althealan_and_painting/images/2987950083951393139_52263171611.jpg,0.1878025233745575,"Starry, starry night Paint your palette blue and gray #insane#不會作畫的作畫癖患者",/mnt/d/時間序列/ContextVecNet_Instagram_filtered_new/positive/althealan_and_painting/images/2966190814562368943_52263171611.jpg,0.2866370677947998,一致,不明確,幫助,,否,
low_similarity_top20,low_similarity_top20,2,yushanchiu,0,0.0851788609996551,0.1091522958826144,-0.0239734348829592,TN,Low,0.2318914288189262,-2.373975276947021,0.1330126093082226,0,-2.0994293689727783,0.2395427346368431,0,True,TN,True,64.0,0.0297765715702269,0.2286822721362114,0.216034397482872,0.2488009296357631,0.166133314371109,0.3010116815567016,4.0,44.0,,就是那種會一直來的店!好美 肉桂捲又好吃😋離開時還外帶了一個😙,/mnt/d/時間序列/ContextVecNet_Instagram_filtered_new/negative/yushanchiu/images/3816252822405602661_276051142.jpg,0.166133314371109,🖤 🖤 🖤 兩年後再看 Blackpink 還是好炸🔥 當年練習跳舞還都特地想挑他們的音樂! 時代的眼淚~~ 超愛金珍妮!真的好可愛 搖滾區真的太累 不知要看前面還是後面 一直轉😆,/mnt/d/時間序列/ContextVecNet_Instagram_filtered_new/negative/yushanchiu/images/3749175853352939073_276051142.jpg,0.3010116815567016,一致,無,無明顯影響,,是,
largest_abs_delta_p_top20,largest_abs_delta_p_top20,0,painwords.yan,1,0.7777239664156053,0.4776060742122994,0.3001178922033058,TP,High,0.2817012062296271,1.2524516582489014,0.3377087362054896,1,-0.0896356701850891,0.3292227008133845,1,True,TP,True,64.0,0.011743738916261,0.2840278297662735,0.2769315540790558,0.2894751355051994,0.2447037696838379,0.3027060627937317,21.0,0.0,0.3001178922033058,"沒苦硬吃... 新書《你走得很快,我好得很慢》",/mnt/d/時間序列/ContextVecNet_Instagram_filtered_new/positive/painwords.yan/images/3682334220778920685_12093800223.jpg,0.2447037696838379,"努力過了,當沒有了期望,自然就不再執著。 新書《你走得很快,我好得很慢》",/mnt/d/時間序列/ContextVecNet_Instagram_filtered_new/positive/painwords.yan/images/3620057397974317651_12093800223.jpg,0.3027060627937317,一致,無,幫助,,是,
largest_abs_delta_p_top20,largest_abs_delta_p_top20,3,huhuzo1225,0,0.1591754584747331,0.4518400707047204,-0.2926646122299873,TN,High,0.2822522176429629,-1.664375901222229,0.5230274241234272,0,-0.1932387948036193,0.4703367025185562,0,True,TN,True,64.0,0.0377730152398928,0.2852940857410431,0.2507017031311989,0.3032266572117805,0.2116339057683944,0.3698228895664215,28.0,8.0,0.2926646122299873,接招吧這個世界! 我來了呀阿哈🧡,/mnt/d/時間序列/ContextVecNet_Instagram_filtered_new/negative/huhuzo1225/images/3834557097653265424_79954427076.jpg,0.2116339057683944,"每天都要對你說🧡 Every day, I want to tell you this. 🧡",/mnt/d/時間序列/ContextVecNet_Instagram_filtered_new/negative/huhuzo1225/images/3848983391774115008_79954427076.jpg,0.3698228895664215,一致,無,幫助,,是,
largest_abs_delta_p_top20,largest_abs_delta_p_top20,1,hao_emo520,0,0.3225074374637849,0.6045935391834685,-0.2820861017196835,TN,Medium,0.2564855627715587,-0.7422723770141602,0.3226178336968301,0,0.4246421456336975,0.4870751093923089,1,False,FP,True,64.0,0.0156387497203856,0.2570985853672027,0.2471887394785881,0.2674130499362945,0.2031142115592956,0.2860543429851532,0.0,7.0,0.2820861017196835,更新文案⬇️ 🌃進入主頁 . . . #摩羯#水瓶#雙魚#白羊#金牛#雙子#巨蠍#獅子#處女#天秤#天蠍#射手#語錄#語錄控#語錄分享#文字語錄#愛情語錄#扎心語錄#心情語錄#感情語錄#友情語錄#語錄系列#傷心語錄#失戀#暗戀#友情 #生活,/mnt/d/時間序列/ContextVecNet_Instagram_filtered_new/negative/hao_emo520/images/3611160192412934843_56024471228.jpg,0.2031142115592956,更新文案⬇️ 🌃進入主頁 . . . #摩羯#水瓶#雙魚#白羊#金牛#雙子#巨蠍#獅子#處女#天秤#天蠍#射手#語錄#語錄控#語錄分享#文字語錄#愛情語錄#扎心語錄#心情語錄#感情語錄#友情語錄#語錄系列#傷心語錄#失戀#暗戀#友情 #生活,/mnt/d/時間序列/ContextVecNet_Instagram_filtered_new/negative/hao_emo520/images/3612021696351297057_56024471228.jpg,0.2860543429851532,不一致,有,幫助, D,是,
largest_abs_delta_p_top20,largest_abs_delta_p_top20,4,shan_min33,1,0.6655538366111193,0.9093455993930268,-0.2437917627819075,TP,Low,0.2428701404068205,0.6881436109542847,0.3484527497514231,1,2.305670738220215,0.3165906383918283,1,True,TP,True,36.0,0.0229295065011166,0.2453857064247131,0.2298883758485317,0.2570046558976173,0.1815690696239471,0.2817966043949127,0.0,14.0,0.2437917627819075,"最近很多人問我解離是什麼!所以我就來啦! 解離(Dissociation)是一種心理現象,指的是個體的意識、記憶、認知、情感或身體知覺的某些部分變得脫離或割裂,難以整合到一個統一的自我經驗中。這種狀態常見於人面對強烈壓力、創傷或情緒衝擊時,作為一種自我保護的心理機制。 解離的表現形式可以包括: 1.解離性健忘:無法回憶起某些特定的經歷,尤其是創傷相關的記憶。 2.人格解離:感覺自己像變成了另一個人,或者有多重人格的經歷(例如解離性身份障礙,DID)。 3.現實感喪失(Derealization):感覺周圍環境不真實,像是在夢中或模糊狀態中。 4.自我感喪失(Depersonalization):感覺自己像是局外人,或者與自己的身體、情緒脫節。 5.解離性恍惚:突然陷入一種無法專注、無法正常回應周圍環境的狀態。 解離的原因 解離通常與創傷經歷有關,例如: •童年時期的身體、心理或性虐待。 •天災等重大災難。 •長期處於高壓或虐待性關係中。 解離的功能 對某些人來說,解離是一種自我保護的心理防禦機制,幫助他們在面對無法承受的情感或痛苦時「逃避」現實。然而,長期的解離可能會影響日常生活和人際關係。 如果你對解離有興趣或相關經歷,了解它是怎麼產生的以及如何處理是很重要的。如果需要,也可以尋求心理專業人士的幫助,特別是當解離狀況影響到生活時。 其實我自己也有解離的症狀,我朋友會突然意識到不一樣的人在跟他們聊天,我自己也會喪失某段記憶的時候,我就知道我解離了。我最近閱讀和觀看大量的文章和影片,也跟我醫生獨自晤談了快一個小時,如果你發現解離了,真的不要害怕,雖然我知道那個不確定性還有你不知道什麼時候會解離是會讓自己徬徨跟感到未知的,只要跟醫生好好配合,服用藥物,再搭配心理諮商,我相信一定也會有好轉的一天。 如果你跟我有一樣的困擾,歡迎跟我聊聊,也希望這篇文章對你們有幫助。 #憂鬱症日記#憂鬱症發作#憂鬱症患者#憂鬱症不可怕#焦慮症#焦慮症發作#焦慮症患者#焦慮症日記#恐慌症#恐慌症發作#恐慌症患者#邊緣型人格#邊緣型人格障礙#心理系#心理#心理學#憂鬱症陪伴#憂鬱症發作#憂鬱症日記 #心理師#心理諮商師#心理測驗#房樹人#自戀性人格#自戀性人格障礙#自戀性格#rtms#解離性障害#解離#失實症",/mnt/d/時間序列/ContextVecNet_Instagram_filtered_new/positive/shan_min33/images/3524389822872034515_40881032480.jpg,0.1815690696239471,正式登出大學了 發個學士服🎓 以下開放祝福明年研究所上岸,/mnt/d/時間序列/ContextVecNet_Instagram_filtered_new/positive/shan_min33/images/3686646586274467272_40881032480.jpg,0.2817966043949127,部分一致,無,干擾,C,是,
largest_abs_delta_p_top20,largest_abs_delta_p_top20,3,mindfullyhk,1,0.2222819686407794,0.4414966618175855,-0.2192146931768061,FN,High,0.3172698090634038,-1.2524173259735107,0.5230274241234272,0,-0.2350901365280151,0.4703367025185562,0,False,FN,False,62.0,0.0630484448448241,0.3060149550437927,0.2783607989549637,0.3633784875273704,0.1919085383415222,0.4488911926746368,40.0,7.0,0.2192146931768061,"進退也共鳴 信報專欄 : 心之旅程 06-05-2025 作者: 蔡瀚棕 • 澳洲註冊臨床心理學家 • 資深基模治療師 「事與冀盼有落差 請不必驚怕」陳奕迅 眼前的M眼神空洞地說:「我就是不行。」他才 20 歲,卻像提早放棄了年輕人應有的可能。他不上學、不工作,也幾乎沒有朋友,躲在房間裡看 YouTube、打遊戲,偶爾幫爸媽做些家務。他試過參加短期課程或做義工,但從沒超過兩個星期,最後總是以一句「我不想去了」告終。 我天生就不如人 M 的困境來自「失敗者」基模──那是一種根深蒂固的信念:我不夠聰明、不夠能幹,反正一定會失敗,何必嘗試?這不是「我不好」的自卑感,而是「我能力上不如人」的定案。因此,他們傾向逃避挑戰,以避免再次確認「我不行」。 缺乏適切的引導 M 的基模並非源於責罵或羞辱。他從小有專注力不足/過度活躍症,卻未被診斷。靠天份走過小學,升上中學後就吃力了。M與一位學業優秀的朋友良性競爭。只是這位朋友在學術上表現確實突出,而 M 又沒有得到針對專注力問題的幫助,結果兩人的差距愈來愈大。 M吃力追趕只換來挫敗,演變成焦慮,然後氣餒,最後便是放棄,承認自己不如人,我就是做不好。 期待落空和愧疚 中三那年,M 因病休學數週,竟讓他有一絲解脫:終於不用再面對又落後的壓力。這一逃,便是六年:不上學、不見朋友、不出門。父母從未責備,不斷嘗試幫助他──安排心理諮詢、鼓勵參與短期課程或義工、嘗試為他創造社交和興趣機會。 然而長年的逃避讓父母漸感氣餒與無奈,說出口的話卻依然溫和:「沒關係,我們再想想其他方法吧。」那不是冷漠,而是一種壓抑情緒的溫柔。但越是這樣,M 越覺得對不起他們。 「我覺得我拖垮了整個家。我讓他們對人生也沒信心了。」M 自責地形容自己像個錨,拖著整個家庭沉下去。 M的逃避不是單純的懶惰或拖延,也不只是缺乏引導,而是一種扛不住內疚與自責的自我放逐。 他需要重新理解這些情緒:內疚不代表他沒用,反而證明他其實一直想連結、想嘗試,只是不知如何避免歷史重現。 避免過早「鼓勵」 治療「失敗者」基模,不能急。這不是鼓勵幾句、訂個讀書計畫就能解決的問題。因為對M來說,連踏出第一步都充滿威脅。一旦再失敗,就又一次驗證「果然我不行」。 我先陪伴他去看見那些「什麼都不想做」的背後,是一顆怕讓人失望的心,保護爸媽免受難過失望之苦,也讓M不用承受那種沉重。 有一次我對 M 說:「也許你爸媽的臉上看起來是失望,但他們心裡還是愛你的。他們只是太久沒有看見希望了,也累了。但他們從未放棄你。」 他愣了一下,眼眶突然泛紅。原來,被愛這件事,對他來說早已變成一種壓力──彷彿自己必須變好、要有進展,才值得被愛。 當每一個人都想「做對點什麼」來扭轉困境,那個無法馬上改變的孩子,反而會陷入更深的自責與退縮。 治療的其中一步是傳遞一個訊息:「我們不是因為你變好了才愛你,而是因為愛你,所以我們願意在還不知道怎麼辦的時候,一起等、一起學習、一起相信還有可能。」 「失敗者」基模不總是來自苛刻的家庭,有時也來自善意但承受不了失落的環境。 當被深刻地理解和接納,M才逐漸放下「馬上做成一件大事」的執著,容許自己從小目標開始,容許試錯,也接受「願意嘗試」已經夠好。矛盾地,允許自己有練習和調整的空間,M才能慢慢學習,感覺到「原來我可以」。雖然有時還是會退縮,但M不再視那為「失敗」,而是學習的一部分。 延伸視頻: 失敗者基模",/mnt/d/時間序列/ContextVecNet_Instagram_filtered_new/positive/mindfullyhk/images/3626486307623245217_44478064139.jpg,0.1919085383415222,"📢 Final Call! 📢 Are you ready to elevate your Schema Therapy expertise & skills with Chris Hayes and Beatrice Ng Kessler? Our last ISST-accredited Schema Therapy LEVEL II program in Hong Kong is approaching! This is a perfect opportunity for professionals eager to go beyond the basics and deepen their practice. Don’t miss your final chance to join a dynamic learning environment — exchange ideas, share experiences, and advance your Schema Therapy journey! 🚨 Register now: Link in Bio🚨 We look forward to seeing you there! Date: 16-18 Oct 2025 (3 full days) Time: 0900-1700 Venue: Causeway Bay, Hong Kong",/mnt/d/時間序列/ContextVecNet_Instagram_filtered_new/positive/mindfullyhk/images/3734333799611315522_75247019053.jpg,0.4488911926746368,一致,無,干擾,,是,
largest_abs_delta_p_top20,largest_abs_delta_p_top20,1,mu._.studaily,1,0.4224196611697065,0.2034190969661398,0.2190005642035666,TP,Medium,0.2547903936060648,-0.3128482699394226,0.3226178336968301,1,-1.365060329437256,0.4870751093923089,0,False,FN,True,63.0,0.0250647654510313,0.2570335268974304,0.2395037561655044,0.272844448685646,0.1902345716953277,0.3047525882720947,4.0,18.0,0.2190005642035666,- 上班第一天! 超級好笑我覺得自己超像笨蛋的 要學的事情有很多 請加油哦🤲🏻 隔壁同事說我可以換自己喜歡的電腦桌布 於是我登登登登地換成黑貓 黑貓應該沒有什麼諧音諧義會招來不好的事情吧(? 第一天算是和諧落幕 接下來有得跑了齁齁 酷斃了我的工作,/mnt/d/時間序列/ContextVecNet_Instagram_filtered_new/positive/mu._.studaily/images/3849011542079647918_62475732843.jpg,0.1902345716953277,- 用OK繃當書籤🔖 今天好忙 到處跑來跑去 晚上要再努力一下下 希望今天能讀書讀滿五小時!,/mnt/d/時間序列/ContextVecNet_Instagram_filtered_new/positive/mu._.studaily/images/3662069390853416632_62475732843.jpg,0.3047525882720947,一致,無,幫助,,否,
largest_abs_delta_p_top20,largest_abs_delta_p_top20,3,will_be._.fine,1,0.3555110414063983,0.1369336072418912,0.2185774341645071,FN,Medium,0.2767579157371074,-0.5949013829231262,0.5230274241234272,0,-1.84099543094635,0.4703367025185562,0,False,FN,False,64.0,0.0321250846443745,0.2838280349969864,0.2526129782199859,0.2964379489421844,0.2163913398981094,0.393378734588623,29.0,12.0,0.2185774341645071,/ 加油 你得嘅👊🏻🔥 . #醫生,/mnt/d/時間序列/ContextVecNet_Instagram_filtered_new/positive/will_be._.fine/images/3065274771769538481_13200562389.jpg,0.2163913398981094,/ To my lovely doctor (Dr. SMW) 多謝你呢4年嘅支持同鼓勵 除咗你嘅職責外 你都幫咗我唔少 由一開始嘅認識 到我覺得你講嘢好直接 我唔鍾意你 仲唔想見你 然後我之前嘅心理學家同我講醫生只係負責處理藥物上嘅問題 佢都只係直接咁表達病人嘅真實需要 佢冇錯 我都冇錯 我明白咗 之後一直都係以呢個理念去睇醫生 之後就漸漸冇咗之前嘅唔鍾意 後來 我當咗佢係part of my life 冇咗佢唔得 上一次佢放產假 我真係捱得好辛苦 到今次 都係好多唔捨得 佢有強調過佢會返嚟 佢依然係我嘅主診醫生 ❤️ 4年了 後面係2025.11.26 再同我講嘅嘢 :你唔係唔得只係對自己冇信心 :你比之前進步咗好多 :你可以的 :好困難就表達下 :呢個世界冇說公唔公平 :優秀的人做嘅嘢會比較多 :慢慢黎 之前要好耐pick up 而家1/2星期 之後可能1星期/更快 :你做得唔差 :你都叻 :問題一黎 內心會唔安樂 平心靜氣去解決 多謝你嘅出現 I love you so much and wish you all the best 💕,/mnt/d/時間序列/ContextVecNet_Instagram_filtered_new/positive/will_be._.fine/images/3777159235969857067_13200562389.jpg,0.393378734588623,部分一致,不明確,幫助,,是,
largest_abs_delta_p_top20,largest_abs_delta_p_top20,2,poem_chao,1,0.793611905795912,0.5977429850988994,0.1958689206970125,TP,Medium,0.271607772286596,1.3468362092971802,0.1330126093082226,1,0.3960696458816528,0.2395427346368431,1,True,TP,True,58.0,0.0281301512765518,0.2786425054073334,0.2617418095469475,0.28904939442873,0.1877523511648178,0.3115559816360473,15.0,6.0,0.1958689206970125,天高地厚,/mnt/d/時間序列/ContextVecNet_Instagram_filtered_new/positive/poem_chao/images/3658961327772839920_8032646796.jpg,0.1877523511648178,"〈理財知識4〉-投資淺談:選對人、選對公司,比什麼都重要 參考巴菲特的老搭檔(可能是Gay友)查理・蒙格的想法,如果要投資,請耐心地長期投入,關注一家你真正有興趣、也相信它價值的公司。 我個人(非常不負責任地)認為,虛擬貨幣差不多可以拋了。不是說區塊鏈沒價值,而是現在大多數幣的價格,都是建立在一種「集體信仰」上。只要人們不再賦予它意義,它就會瞬間蒸發。畢竟,它本身並沒有實體、也沒有穩定的現金流。 相反的,房子和土地是實存的東西。我認為,只要負擔得起,早點買房總比晚點好。租房壓力太大了,房租年年漲;雖然繳房貸也很辛苦,但至少最後那棟房子是你的。而租房,只是替房東養房。 當租房需求下降、房東的持有成本上升,部分房東會考慮賣房。這時市場供給變多,加上購屋族持續進場,房價才可能真正鬆動、修正。與其等房價跌,不如自己成為供給增加前的先行者。 再談談股票投資,如果你看不懂一家公司在幹嘛,那就別投,把錢拿去買樂透,或是養毛小孩療癒自己算了。我建議選擇「有永續性、有未來性」的產業,例如能源轉型、電動車、半導體、AI相關等。(甚至是文化跟身心靈產業,看!唐老師多賺!) 創辦人也是關鍵。我非常推崇馬斯克這種人,即使他的股票再貴,我也建議買來放著。因為他不是單純為了賺錢,而是在解決人類的問題。這種人會持續學習、持續突破,比起只想「建立護城河、壟斷市場」的老派企業家,我認為更能帶領公司活得長久。 以短期來看,輝達(NVIDIA)還是可以玩一陣子的。AI晶片的主導地位,加上市場狂熱,讓它成為投資市場的寵兒。但長期看,我對它的創辦人黃仁勳保持保留。他很會拼市場沒錯,也建立了CUDA的生態系,但給我的感覺,更像一位競爭者,以前那種讀書是為了考試、贏別人的傢伙,而不是一位「終身學習者」或「開創者」。 他曾在台大演講叫大家「跑起來」,我聽了其實有點錯愕和傻眼。現在誰不過勞了?還在鼓勵跑更快,是要跑去哪?投胎嗎?你知道台灣已經多少人過勞小至失眠、大至精神病了嗎?更何況,你自己在夜市、餐廳吃美食的時候,不如先把中文學起來(笑)。 總結來說: 投資需要耐心,更需要觀察公司的靈魂人物。投資股票要慎選,別被表面迷惑! 一間公司終究是要營利,但如果它的願景是為了讓人類活得更好,那它走得才會長、也走得更遠。 我看好馬斯克帶我們飛向宇宙!石油開採完的那一刻,特斯拉將奔馳在中東的沙漠中! 黃仁勳 馬斯克 你更愛誰呢? (投資有賺有賠,本文純屬個人觀點,不負任何投資上的責任)",/mnt/d/時間序列/ContextVecNet_Instagram_filtered_new/positive/poem_chao/images/3692115678250900575_8032646796.jpg,0.3115559816360473,一致,無,幫助,,是,
largest_abs_delta_p_top20,largest_abs_delta_p_top20,3,chrislin_0208,0,0.1952076052713559,0.3808535129314687,-0.1856459076601128,TN,Low,0.2436256217770278,-1.4165207147598269,0.5230274241234272,0,-0.4859270751476288,0.4703367025185562,0,True,TN,True,64.0,0.0286187172304622,0.2455123588442802,0.2229311764240265,0.2601348683238029,0.1887567639350891,0.3247030973434448,4.0,27.0,0.1856459076601128,"生命的底片,永遠留下那一段美好。 只是⋯⋯底片也有用完的那一天 。゚(゚ ́Д`゚)゚。",/mnt/d/時間序列/ContextVecNet_Instagram_filtered_new/negative/chrislin_0208/images/3422098048011717268_1422110297.jpg,0.1887567639350891,"非常時期,非常重要。 Stay home,save lives.",/mnt/d/時間序列/ContextVecNet_Instagram_filtered_new/negative/chrislin_0208/images/2574844423609238500_1422110297.jpg,0.3247030973434448,一致,無,幫助,,否,
largest_abs_delta_p_top20,largest_abs_delta_p_top20,3,ryouliao,0,0.2132997109573982,0.0376031044666909,0.1756966064907072,TN,Medium,0.2598665084224194,-1.3051490783691406,0.5230274241234272,0,-3.242340326309204,0.4703367025185562,0,True,TN,True,64.0,0.0360409764741719,0.2637061029672622,0.2360902465879917,0.2847451940178871,0.1240140050649643,0.3385812938213348,15.0,21.0,0.1756966064907072,台南旅遊 DAY1~ Let’s Fun !😎😎 ❤️,/mnt/d/時間序列/ContextVecNet_Instagram_filtered_new/negative/ryouliao/images/3674398337315917958_3628062463.jpg,0.1240140050649643,"「健走日記」- 獅山古道(獅頭山) 獅山遊客中心-獅頭山492m 來回6.7km 就是個流水帳記錄! 磨磨蹭蹭的下午2點半起爬,4點半就下山了! 陪老爺來活動筋骨,覺得沒時間上到三腳點就得中途陪老爺折返~ 所以整路也就各走各的。 學會看”離現地圖” 時間顯示⋯我,腳步快了 除了能在預期時間到達,還讓我練個肺活量🌬️ 緩坡小跑上到山頂 欣賞一波美景~ 幾年登山小白,知道這小百岳不難爬 難 是難在我無法加快並學會控制速度~ 跟進步顯著的人比,我永遠都是落後的! 就像~不會念書永遠不可能有榜首之日, 但我努力花時間也一定能完成! 學會「用時間 換 速度」 現在~ 我也能享受自我控制的進步! 享受 並 舒服的感覺!! 🏔",/mnt/d/時間序列/ContextVecNet_Instagram_filtered_new/negative/ryouliao/images/3538136728437838465_3628062463.jpg,0.3385812938213348,一致,無,干擾,,是,
largest_abs_delta_p_top20,largest_abs_delta_p_top20,2,psylee01,0,0.4365833257370131,0.2708063315818323,0.1657769941551807,FP,Medium,0.2622057373745967,-0.2550401985645294,0.1330126093082226,1,-0.9905354380607604,0.2395427346368431,1,False,FP,False,59.0,0.0353211815463244,0.2641717195510864,0.2402737066149711,0.279678612947464,0.191109299659729,0.3626430928707123,9.0,15.0,0.1657769941551807,"今天是國際寵物日的後一天(4/12),送你神秘白白手",/mnt/d/時間序列/ContextVecNet_Instagram_filtered_new/negative/psylee01/images/3344236592154636438_6981538509.jpg,0.191109299659729,"EP98:我中風了|我親愛的同事-前職能治療師公會全聯會理事長張自強博士/談職能復健 穗波中風出院初期,他的好同事兼專業的朋友張自強主任,在穗波出院的第二天,即來探望,帶給穗波很重要的職能復健建議,此集闡述中風患者的復健關卡、𣈱談職能治療和物理治療的區別及介紹職能治療專業的運用。最神奇的是穗波心理師的貓首次見自強主任,就直接貼上去了! 歡迎聽聽這集Podcast ! feat. 小玉的媽及張自強博士 預計113/9/6 1600上架 附上Podcast連結:",/mnt/d/時間序列/ContextVecNet_Instagram_filtered_new/negative/psylee01/images/3450169535313191749_6981538509.jpg,0.3626430928707123,一致,無,干擾,,是,
largest_abs_delta_p_top20,largest_abs_delta_p_top20,3,yi_wen_even,1,0.1954169378262196,0.3602270986362796,-0.16481016081006,FN,Medium,0.2528650350868702,-1.4151887893676758,0.5230274241234272,0,-0.5743786096572876,0.4703367025185562,0,False,FN,False,64.0,0.0330063792913858,0.2548526525497436,0.2271115742623806,0.2753711491823196,0.1989599913358688,0.3250094652175903,11.0,26.0,0.16481016081006,Happy Valentine‘s Day,/mnt/d/時間序列/ContextVecNet_Instagram_filtered_new/positive/yi_wen_even/images/3832177043681976423_1384717937.jpg,0.1989599913358688,"《印象派—從莫內到美國:光・跨越海洋》 Frontiers of Impressionism: Paintings from the Worcester Art Museum 雖然我喜歡這個展覽,但是我不喜歡他用莫內當作吸引大家的標題,因為其實只有一張莫內的作品。 雖然我本來就喜歡印象派,但是我喜歡這個展覽還有一個原因是因為,他有著和以往看到的不同的角度,以往看到的多數都是歐洲印象派的起源、發展、影響,然而這個展更多的是在講述美國這邊的印象派的發展,我喜歡這個角度。",/mnt/d/時間序列/ContextVecNet_Instagram_filtered_new/positive/yi_wen_even/images/3725895967779780712_1384717937.jpg,0.3250094652175903,一致,無,干擾,,是,
largest_abs_delta_p_top20,largest_abs_delta_p_top20,0,yuehchungsu,0,0.1771258996562111,0.3370570127435545,-0.1599311130873434,TN,Medium,0.2678222258885701,-1.5359424352645874,0.3377087362054896,0,-0.6764369010925293,0.3292227008133845,1,False,FP,True,39.0,0.0421700545737374,0.2669546008110046,0.2459509968757629,0.2953075319528579,0.1629163920879364,0.3622326254844665,13.0,9.0,0.1599311130873434,我終於有了最強的 AI Tool。,/mnt/d/時間序列/ContextVecNet_Instagram_filtered_new/negative/yuehchungsu/images/3855486745438276787_2321868971.jpg,0.1629163920879364,🇺🇸打算退出聯合國🇺🇳 TODAY: Based Senator Mike Lee Introduced Legislation to Withdraw US From United Nations 🇺🇳是廢物 — 查不出來,/mnt/d/時間序列/ContextVecNet_Instagram_filtered_new/negative/yuehchungsu/images/3573382132388539075_2321868971.jpg,0.3622326254844665,一致,無,幫助,,是,
largest_abs_delta_p_top20,largest_abs_delta_p_top20,3,thepetpope,0,0.3514487036157898,0.1920829780921713,0.1593657255236184,TN,Medium,0.2581141164992004,-0.6126773357391357,0.5230274241234272,0,-1.436531901359558,0.4703367025185562,0,True,TN,True,64.0,0.0377137119893859,0.2524080127477646,0.2344143576920032,0.27194494754076,0.1999597549438476,0.4067824482917785,8.0,21.0,0.1593657255236184,"你丟,誰撿? 昨天在限動上分享了開心狗狗在海灘上狂奔撿球的影片 收到好多私訊... 於是有了這篇亂畫文!🤪 沒畫到的歡迎留言敲碗,碗敲破的看看有沒有下集!",/mnt/d/時間序列/ContextVecNet_Instagram_filtered_new/negative/thepetpope/images/3544851116821731189_54678028093.jpg,0.1999597549438476,"🍀 Saint Patrick’s Day 小知識 + St. Pittie’s Day 比特犬日🐶💚 每年 3/17 的 Saint Patrick’s Day(聖派翠克節),原本是為了紀念愛爾蘭的守護聖人 Saint Patrick,3/17是他逝世的日子。 傳說他用三葉草向人們解釋信仰,三葉草的三個葉子分別代表基督教的三位一體,因此「☘️三葉草、綠色」就成了這個節日的象徵。 如今這一天在美國也變成充滿綠色、遊行、音樂、暢飲啤酒、吃愛爾蘭傳統食物的文化節日。 在美國許多動物收容所,將3/17定為「St. Pittie’s Day」 🐾取Saint Patrick’s Day 的諧音(對!美國也有諧音梗🤣) 「Pittie」是大家對 Pit Bull 比特犬的暱稱。因為比特犬長期被社會大眾誤解是極具攻擊性的惡犬,因此成為收容所裡比較難被領養的狗狗之一。 於是許多收容所會在 St. Pittie’s Day 推出領養優惠、宣導活動,幫助更多比特犬找到溫暖的家。 Pit Bull其實不是單一品種,而是一個統稱,通常包含幾種外型和血統相近的犬種,例如: American Pit Bull Terrier 美國比特鬥牛梗 American Staffordshire Terrier 美國史塔福郡梗 Staffordshire Bull Terrier 史塔福郡鬥牛梗 American Bully 美國惡霸犬 牠們都有相似的外型:強壯肌肉、寬頭與強力下顎 短毛、體型結實 但其實比特犬們在良好社會化及訓練下 可以是非常親人、忠實的家庭陪伴犬 🍀 用一點幸運,為比特們找一個家 也許今年的 St. Patrick’s Day 最幸運的不只是你,而是一隻終於等到家的 pittie!",/mnt/d/時間序列/ContextVecNet_Instagram_filtered_new/negative/thepetpope/images/3853872583918514552_54678028093.jpg,0.4067824482917785,一致,無,干擾,,否,
largest_abs_delta_p_top20,largest_abs_delta_p_top20,3,powxd01,0,0.1764281054649028,0.3348700081173745,-0.1584419026524716,TN,Medium,0.2788875897725423,-1.5407373905181885,0.5230274241234272,0,-0.6862400770187378,0.4703367025185562,0,True,TN,True,3.0,0.00938540153356,0.2794659733772278,0.2743461728096008,0.2837181985378265,0.2692263722419739,0.2879704236984253,0.0,0.0,0.1584419026524716,"如果真有鬼神, 那也真如同是夢中見的修煉,",/mnt/d/時間序列/ContextVecNet_Instagram_filtered_new/negative/powxd01/images/3880353586126978819_8376147507.jpg,0.2692263722419739,無規矩不成方圓!,/mnt/d/時間序列/ContextVecNet_Instagram_filtered_new/negative/powxd01/images/3875528197391146803_8376147507.jpg,0.2879704236984253,部分一致,無,幫助,D,是,
largest_abs_delta_p_top20,largest_abs_delta_p_top20,4,opheliecc,1,0.5765303473430782,0.7320603532532667,-0.1555300059101885,TP,High,0.2864221300809614,0.3085461258888244,0.3484527497514231,1,1.005101203918457,0.3165906383918283,1,True,TP,True,62.0,0.0294452142937748,0.2913762331008911,0.2697139605879783,0.3048726469278335,0.2179039716720581,0.3634139895439148,35.0,5.0,0.1555300059101885,"謝謝 邀請,有幸寫下這棵千年古樹與酒店的傳奇🏡🥰 AI年代,團隊難得仍然願意花時間與人力物力,一絲不苟去訪問、多角度拍攝、認真設計版面、尊重文字價值,讓讀者能夠欣賞和細嚼種種建築背後承載的人文歷史與文化,實在難得💕 有幸參與其中,實在是莫大的福氣🥰 今次故事的主人翁,從水壩拯救千年古樹、古宅遠遷700公里,我執筆也深受感動:在今天事事講求效益,連知識也追求「速食」的年代,竟然還有那麼多人願意為保存人文歷史,讓古樹、古宅避過沒頂之災,還遊人天地的靈氣,實在令人鼓舞! 原來,只要有夢想,沒有不可能😉 //潮流興起「 」以林木靈氣洗滌心靈,樹蔭下陽光穿透,的確給遊人一種穿越時空的靜謐感以至天地共融的清淨感,畢竟這棵千年樹王本具一份沉穩的氣度。它經歷過我們只能從歷史書讀過的明朝和清朝朝代更迭,默默見證一代又一代的滄海桑田。// //人生匆匆數十載,站在這棵至少千年歷史的香樟樹王的樹蔭下,頓感人人不過是浩瀚歷史長流的過客,但可別小看每個人的力量! 2002 年,一名上海企業家心痛家鄉撫州這棵千年樹王勢將隨着水壩建設永沉水底,於是合眾人之力將樹王、一萬餘棵香樟樹以及五十棟明清古宅的一磚一瓦,逐一遠遷至七百公里外的上海閔行區馬橋鎮重建,堪稱現代愚公移山! 眾人說他太瘋癲?偏偏樹王也不負所望,捱過三年水土不服後,慢慢從光秃秃的枝頭長出嫩葉,目前佇立在 的中央庭院,為樹下遊人提供護蔭,以報這段人樹奇緣。//",/mnt/d/時間序列/ContextVecNet_Instagram_filtered_new/positive/opheliecc/images/3762837496628696235_13374490.jpg,0.2179039716720581,"超感動🥰剛剛收到我有份撰寫、從遠方寄來的 2026年年鑑《The Next Chapter: 重新出發》,今年還附有這封寫給文字工作者的感謝函,裏面的字字句句都看得我熱淚盈框 在職場打滾20多年,遇過很多挫折甚至敵意,但我仍然願意選擇善良,力量就是來自生命裏這些善良得令我大受感動的人。就像這本書的加拿大華人團隊—一群願意投入熱情與天賦期望「以深思與善意帶領社會,彼此扶持、共同成長」的人,這句出自主編 Deborah Lau-Yu的話,足見他們對世界那份熱誠和愛。 這本書很有重量,重達一公斤,相片、排版設計以致印刷每一頁都一絲不苟,在這個掃屏速食年代,實在難得一遇,竟也給我遇到🥰 《The Next Chapter: 》書中收錄了很多企業家、名人娓娓道來生命不同階段的奮鬥,例如我寫的溫哥華房地產巨擘 ,別人看他出身名門、風光無限,但衣食無憂背後,童年反而滿載考驗與磨練。其實,我邊寫邊自忖,換我是他,我能有他的堅靭嗎?在這樣嚴酷的成長環境下,我真的還能堅持活出使命? 而殿堂級美食家 的成功,讓我看到了生命的無限可能與希望,執筆時連自己都感動:忠於自己,做自己「由衷熱愛和好奇的事」,自會創出自己也意想不到的天空!就像她在訪談中坦言:「我不會說那是一個夢想,因為我做夢也沒想過。」 這句話讓我放膽做自己!當下我希望花一點時間回歸自己內在,這段日子的體驗讓我感受到 的 和 🥰我知道內在的成長也許無法讓別人看見,也許看起來很 甚至有點懶,但我很喜歡這個終於不急着向外界證明自己的我。 ,就是這樣的一回事😎我們每個人其實都有 的能力,The Next Chapter就等你自己揭開!😉 說起來,裏面的主題、背後出版的精神,正正是是我目前人生階段一個的提醒🥰 Chinoise",/mnt/d/時間序列/ContextVecNet_Instagram_filtered_new/positive/opheliecc/images/3808354927698222683_13374490.jpg,0.3634139895439148,一致,無,干擾,,否,
largest_abs_delta_p_top20,largest_abs_delta_p_top20,0,sunrise1225,1,0.6038989416136452,0.7508879676697161,-0.1469890260560709,TP,Low,0.2436138328630477,0.4217374920845032,0.3377087362054896,1,1.10335373878479,0.3292227008133845,1,True,TP,True,64.0,0.0280120558565287,0.2436412572860717,0.2218732684850692,0.2636714726686477,0.191010445356369,0.3106354176998138,4.0,29.0,0.1469890260560709,Helen - 無數次的練習 無數次的等待 懸著一顆心 沒有你的答案 永遠無解 時間的煎熬 每分每秒 希望在現實中有突破 希望在失敗裡找關鍵 生活中的大人 並不美麗 含著淚水說著我很好 其實都是故事 只是有沒有人要聽而已 偷點陽光 心情變心晴 品嚐美食 嘴角呈上揚 日子雖不是每天都美好 但小快樂小美好總會存在的 明天 也許會下雨 也許是晴天 又何妨 來點音樂吧🎶🎶,/mnt/d/時間序列/ContextVecNet_Instagram_filtered_new/positive/sunrise1225/images/3617196319091542987_1564074847.jpg,0.191010445356369,Helen _ 春風吹拂 隱約帶著冷淡的語氣 妳不屬於任何人的 我知道 春雨綿綿 挾帶著寒酸的揶揄 妳不屬於這裡的 我知道 白雪公主的眼淚 其實 是小矮人的詭計 讓皇后獨吞了蘋果 顆顆的淚水 飄成了粉紅泡泡 越來越多 公主從此消散在其中 王子殿下也揮揮手地說 明年見了 童話故事都是騙人的 寫到這裡 季節的更迭早已開始 捉摸不透的氣候 花兒多樣的盛開 也是心花開的好時節 過去的就讓它過去 開始的就讓它開始 屬於春天的故事 其實你正在慢慢地寫著 🌸🌸,/mnt/d/時間序列/ContextVecNet_Instagram_filtered_new/positive/sunrise1225/images/3844775997468830785_1564074847.jpg,0.3106354176998138,一致,無,干擾,,否,
largest_abs_delta_p_top20,largest_abs_delta_p_top20,3,cancerfighter211,1,0.8460304115906703,0.7016062851061614,0.1444241264845088,TP,Medium,0.2558464616064041,1.7038002014160156,0.5230274241234272,1,0.8549585938453674,0.4703367025185562,1,True,TP,True,63.0,0.032549913327025,0.2570220828056335,0.2349042668938636,0.2777741551399231,0.193581610918045,0.3144915699958801,11.0,22.0,0.1444241264845088,我是一名罕病患者 在24歲那年 我下了一個人生最重要的決定 那就是我要去世界的盡頭 冰島 起初媽媽持反對意見 他說你今天萬一在異國他鄉 又再次病倒了該怎麼辦 我說或許我的人生本來就是一盤大富翁 走到終點前 進了三次監獄 (意味著一次腦癌及兩次的癌症復發) 現在全面放著的是機會和命運 我的命運是醫生告訴我我的腦癌隨時會復發 我的機會是我現在能走能動 還能去世界的盡頭看一看 那或許我接受了我不可抗拒的命運 但因為我選擇了機會 所以我能夠很勇敢的告訴自己 不用再怕了 不用怕死 因為我已經把握住機會 能在這世界上留下我25歲最精彩的樣貌 #腦癌#死亡#勇敢,/mnt/d/時間序列/ContextVecNet_Instagram_filtered_new/positive/cancerfighter211/images/3411308603247182785_48515132959.jpg,0.193581610918045,化療真的很辛苦 第一次跟第二次生病時 做化療加電療 吃東西沒味道(不是確診) 頭髮一直掉 那時連鼻毛都是一搓的掉 最後我變成了光頭 在我復學後卻是以沒有頭髮的我 面對大家 可想而知我也被霸凌了 當時同學說了一句話 讓我到現在還一直很受傷 有同學碰到我的東西 另一個人就說噁你會被他傳染 我當時真的很受傷 坦白說到現在也還是 我總是會想 生病又不是我自願的 為什麼要說的好像是我的問題 曾經在腦海裡想過輕生無數次 到最後我還是活下來了 想用我活得好來證明 就算我生病那又怎樣 我一樣比你們強 記得那次我還考了全校第二名 大家都嚇一跳 畢竟我已經休學一段時間 這個故事是為了告訴大家 那些傷害我們的並不可怕 他們都只是我成長路上的一株草而已 不足以改變我 #抗癌日記#霸凌,/mnt/d/時間序列/ContextVecNet_Instagram_filtered_new/positive/cancerfighter211/images/2903957875057888819_48515132959.jpg,0.3144915699958801,一致,不明確,幫助,,是,
